Name,Categories
Pastel love,"Occasions > Anniversary, Best Sellers, Occasions > Birthday, Floral > Bouquet, Special Celebrations > Christmas, Special Celebrations > Mother&#039;s day, Occasions > New Baby, Color > Pastel love, Special Celebrations > Valentine's day"
Loving Mum,"Occasions > Anniversary, Floral > Arrangement, Best Sellers, Occasions > Birthday, Special Celebrations > Mother&#039;s day, Occasions > New Baby, Color > Pastel love, Perfect Spot, Occasions > Sympathy"
Vivid Delights,"Color > Bright Sunrise, Occasions > Sympathy, Floral > Tropical\, Orchids and Natives"
RISING SUN,"Color > Bright Sunrise, Special Celebrations > Christmas, Occasions > Sympathy"
Universal Love,"Occasions > Anniversary, Best Sellers, Occasions > Birthday, Special Celebrations > Mother&#039;s day, Color > Pastel love, Floral > Posy, Occasions > Sympathy, Special Celebrations > Valentine's day"
Royal Romance,"Occasions > Anniversary, Floral > Arrangement, Occasions > Birthday, Special Celebrations > Mother&#039;s day, Color > Pastel love, Occasions > Sympathy"
Garden Spectacle,"Occasions > Anniversary, Best Sellers, Occasions > Birthday, Color > Bright Sunset, Occasions > Get Well, Special Celebrations > Mother&#039;s day, Occasions > New Baby, Floral > Posy, Occasions > Thank You"
CHALK IT NATURE,"Occasions > Anniversary, Best Sellers, Occasions > Birthday, Floral > Bouquet, Special Celebrations > Christmas, Special Celebrations > Easter, Occasions > New Baby, Occasions > Sympathy, Color > White simplicity"
Love Letters,"Occasions > Anniversary, Floral > Arrangement, Best Sellers, Occasions > Birthday, Color > Bright Sunrise, Special Celebrations > Christmas, Occasions > Thank You, Special Celebrations > Valentine's day"
Pastel Wishes,"Occasions > Anniversary, Floral > Arrangement, Occasions > Birthday, Occasions > Get Well, Special Celebrations > Mother&#039;s day, Occasions > New Baby, Color > Pastel love, Occasions > Sympathy"
Sunbeam Smiles,"Best Sellers, Occasions > Birthday, Floral > Bouquet, Color > Bright Sunrise, Occasions > Get Well, Special Celebrations > Mother&#039;s day, Occasions > New Baby, Perfect Spot, Occasions > Sympathy"
Serenity,"Special Celebrations > Easter, Occasions > Sympathy, Color > White simplicity"
Roses Heart,"Color > Bright Sunset, Occasions > Sympathy"
Watercolour Wishes,Best Sellers
Summer Breeze,"Floral > Arrangement, Color > Bright Sunrise, Occasions > Get Well, Special Celebrations > Mother&#039;s day, Occasions > Sympathy, Occasions > Thank You"
Never-Ending Love,"Occasions > Anniversary, Floral > Arrangement, Color > Bright Sunrise, Special Celebrations > Valentine's day"
Enchanted Wishes,"Occasions > Anniversary, Floral > Arrangement, Best Sellers, Occasions > Birthday, Special Celebrations > Mother&#039;s day, Color > Pastel love, Occasions > Sympathy"
Tropical Love,"Special Celebrations > Christmas, Occasions > Sympathy, Floral > Tropical\, Orchids and Natives, Color > White simplicity"
Gerbera Spot,"Floral > Arrangement, Best Sellers, Color > Bright Sunrise, Occasions > Get Well, Special Celebrations > Mother&#039;s day, Occasions > Sympathy, Occasions > Thank You"
Dreamy White,"Floral > Arrangement, Best Sellers, Special Celebrations > Christmas, Special Celebrations > Easter, Perfect Spot, Occasions > Sympathy, Occasions > Thank You, Color > White simplicity"
Heartfelt Memories,"Floral > Arrangement, Best Sellers, Color > Bright Sunset, Special Celebrations > Mother&#039;s day, Perfect Spot, Occasions > Sympathy"
Innocent Love,"Floral > Arrangement, Best Sellers, Special Celebrations > Easter, Occasions > Sympathy, Color > White simplicity"
Cherished Memories,"Occasions > Anniversary, Floral > Arrangement, Best Sellers, Occasions > Sympathy, Color > White simplicity"
With Distinction,"Floral > Arrangement, Special Celebrations > Christmas, Color > Pastel love, Occasions > Sympathy, Occasions > Thank You, Color > White simplicity"
Rebecca Trop,"Color > Bright Sunrise, Special Celebrations > Christmas, Perfect Spot, Occasions > Sympathy, Occasions > Thank You, Floral > Tropical\, Orchids and Natives"
Cotton Candy,"Occasions > Anniversary, Best Sellers, Occasions > Birthday, Special Celebrations > Christmas, Floral > Posy, Occasions > Sympathy, Color > White simplicity"
Vibrant Energy,"Occasions > Birthday, Occasions > Get Well, Special Celebrations > Mother&#039;s day, Occasions > New Baby, Color > Pastel love, Perfect Spot, Floral > Posy, Occasions > Thank You"
Sunflower Bouquet,"Floral > Bouquet, Color > Bright Sunrise, Floral > Tropical\, Orchids and Natives"
Thanks A Million,"Occasions > Anniversary, Best Sellers, Occasions > Birthday, Floral > Bouquet, Special Celebrations > Mother&#039;s day, Occasions > Sympathy, Color > White simplicity"
Divine Light,"Perfect Spot, Occasions > Sympathy, Color > White simplicity"
Her Parties,"Best Sellers, Occasions > Birthday, Floral > Bouquet, Color > Bright Sunrise, Occasions > Get Well, Special Celebrations > Mother&#039;s day, Occasions > Sympathy"
Nunkeri,"Occasions > Anniversary, Occasions > Birthday, Color > Bright Sunrise, Special Celebrations > Christmas, Occasions > New Baby, Occasions > Sympathy, Floral > Tropical\, Orchids and Natives"
Tropical Dream,"Occasions > Anniversary, Floral > Arrangement, Occasions > Birthday, Color > Bright Sunrise, Special Celebrations > Christmas, Occasions > Get Well, Occasions > New Baby, Perfect Spot, Occasions > Sympathy, Occasions > Thank You"
Just Peachy,"Best Sellers, Floral > Bouquet, Color > Bright Sunrise, Special Celebrations > Christmas, Special Celebrations > Easter, Occasions > Get Well, Occasions > Sympathy, Occasions > Thank You"
Pastel Floral,"Occasions > Anniversary, Best Sellers, Occasions > Birthday, Floral > Bouquet, Special Celebrations > Mother&#039;s day, Color > Pastel love"
Ravishing Red,"Occasions > Anniversary, Best Sellers, Floral > Bouquet, Color > Bright Sunrise, Special Celebrations > Valentine's day"
Citrus Splash,"Occasions > Anniversary, Floral > Arrangement, Best Sellers, Occasions > Birthday, Color > Bright Sunrise, Occasions > Get Well, Special Celebrations > Mother&#039;s day, Occasions > New Baby, Occasions > Sympathy, Occasions > Thank You"
White Memories,"Floral > Arrangement, Best Sellers, Special Celebrations > Christmas, Special Celebrations > Easter, Occasions > Sympathy, Color > White simplicity"
Purest Intentions,"Occasions > Anniversary, Floral > Arrangement, Best Sellers, Occasions > Birthday, Occasions > Get Well, Special Celebrations > Mother&#039;s day, Occasions > New Baby, Color > Pastel love, Occasions > Sympathy"
White beauty,"Floral > Arrangement, Best Sellers, Special Celebrations > Christmas, Special Celebrations > Easter, Occasions > Sympathy, Color > White simplicity"
White Dreams,"Best Sellers, Floral > Bouquet, Perfect Spot, Occasions > Sympathy, Color > White simplicity"
Expressions of Love,"Occasions > Anniversary, Best Sellers, Occasions > Birthday, Floral > Bouquet, Color > Bright Sunrise, Occasions > Get Well, Special Celebrations > Mother&#039;s day, Occasions > New Baby, Occasions > Thank You"
Love and Laughter,"Occasions > Anniversary, Best Sellers, Occasions > Birthday, Floral > Bouquet, Special Celebrations > Mother&#039;s day, Color > Pastel love, Special Celebrations, Occasions > Sympathy"
PINK Dream,"Occasions > Anniversary, Floral > Arrangement, Best Sellers, Occasions > Birthday, Color > Bright Sunset, Occasions > Get Well, Occasions > New Baby"
Purple Love,"Occasions > Anniversary, Floral > Arrangement, Best Sellers, Occasions > Birthday, Color > Bright Sunset, Occasions > Get Well, Occasions > New Baby, Floral > Tropical\, Orchids and Natives"
KYEWONG,"Occasions > Anniversary, Best Sellers, Occasions > Birthday, Color > Bright Sunrise, Special Celebrations > Christmas, Occasions > Get Well, Special Celebrations > Mother&#039;s day, Occasions > New Baby, Color > Pastel love, Occasions > Sympathy, Occasions > Thank You, Floral > Tropical\, Orchids and Natives, Occasions > Weddings"
LILAC BEAUTY,"Occasions > Anniversary, Best Sellers, Occasions > Birthday, Color > Bright Sunrise, Special Celebrations > Christmas, Special Celebrations > Easter, Occasions > Get Well, Color > Pastel love, Occasions > Sympathy"
SWEET SORBET,"Occasions > Anniversary, Best Sellers, Occasions > Birthday, Color > Bright Sunrise, Color > Bright Sunset, Special Celebrations > Christmas, Special Celebrations > Easter, Occasions > Get Well, Occasions > Sympathy"
Sweet Nicky,"Occasions > Anniversary, Best Sellers, Occasions > Birthday, Floral > Bouquet, Special Celebrations > Easter, Occasions > Get Well, Special Celebrations > Mother&#039;s day, Occasions > New Baby, Occasions > Sympathy, Occasions > Thank You, Floral > Tropical\, Orchids and Natives, Occasions > Weddings"
GRACEFUL BEAUTY,"Floral > Arrangement, Color > Bright Sunrise, Occasions > Hampers and Gifts, Occasions > New Baby"
Tropical Sunshine,"Occasions > Anniversary, Occasions > Birthday, Color > Bright Sunrise, Special Celebrations > Christmas, Occasions > Sympathy, Occasions > Thank You"
Warm Heart,"Color > Bright Sunrise, Occasions > Sympathy"
It's love,"Floral > Arrangement, Color > Bright Sunrise, Occasions > Hampers and Gifts, Occasions > New Baby"
Thanks Mum,"Occasions > Anniversary, Floral > Arrangement, Color > Bright Sunset, Special Celebrations > Mother&#039;s day, Perfect Spot, Occasions > Sympathy"
Enchanted Blooms,"Occasions > Anniversary, Occasions > Birthday, Special Celebrations > Christmas, Occasions > Get Well, Occasions > New Baby, Special Celebrations > Valentine's day"
Watercolour Wishes,"Occasions > Anniversary, Floral > Arrangement, Occasions > Birthday, Color > Bright Sunset, Special Celebrations > Christmas, Special Celebrations > Mother&#039;s day, Perfect Spot, Occasions > Sympathy, Occasions > Thank You"
Sweet Promise,"Floral > Arrangement, Best Sellers, Occasions > Birthday, Color > Bright Sunset, Special Celebrations > Christmas, Occasions > Get Well, Special Celebrations > Mother&#039;s day, Occasions > Sympathy"
Soft&Sweet,"Occasions > Anniversary, Floral > Arrangement, Color > Bright Sunrise, Special Celebrations > Christmas, Occasions > Sympathy"
Summer Time,"Occasions > Anniversary, Floral > Arrangement, Best Sellers, Color > Bright Sunrise, Occasions > Get Well, Special Celebrations > Mother&#039;s day, Occasions > New Baby, Occasions > Sympathy"
Garden Oasis,"Floral > Arrangement, Best Sellers, Color > Bright Sunrise, Occasions > Get Well, Special Celebrations > Mother&#039;s day, Perfect Spot, Occasions > Sympathy, Occasions > Thank You"
True Romance,"Occasions > Anniversary, Floral > Arrangement, Best Sellers, Color > Bright Sunrise, Perfect Spot, Special Celebrations > Valentine's day"
Get Away,"Floral > Arrangement, Color > Bright Sunrise, Special Celebrations > Christmas, Home, Occasions > Sympathy, Occasions > Thank You"
Beautiful Day,"Occasions > Anniversary, Floral > Arrangement, Best Sellers, Occasions > Birthday, Color > Bright Sunset, Occasions > Get Well, Special Celebrations > Mother&#039;s day, Occasions > New Baby, Perfect Spot, Occasions > Thank You"
Pastel Rosy,"Occasions > Anniversary, Occasions > Birthday, Occasions > Get Well, Special Celebrations > Mother&#039;s day, Occasions > New Baby, Color > Pastel love, Floral > Posy, Occasions > Sympathy"
Weerong,"Occasions > Anniversary, Best Sellers, Color > Bright Sunrise, Special Celebrations > Christmas, Occasions > Sympathy, Occasions > Thank You, Floral > Tropical\, Orchids and Natives"
Perfect Mum,"Occasions > Anniversary, Occasions > Birthday, Occasions > Get Well, Special Celebrations > Mother&#039;s day, Occasions > New Baby, Color > Pastel love, Floral > Posy, Occasions > Thank You"
Pastel Life,"Occasions > Anniversary, Best Sellers, Color > Pastel love"
Simple Life,"Best Sellers, Floral > Bouquet, Perfect Spot, Occasions > Sympathy, Color > White simplicity"
Tropical Summer,"Occasions > Anniversary, Best Sellers, Occasions > Birthday, Color > Bright Sunrise, Special Celebrations > Christmas, Special Celebrations > Easter, Occasions > Get Well, Occasions > Sympathy, Floral > Tropical\, Orchids and Natives"
Love Rosy,"Occasions > Anniversary, Best Sellers, Color > Pastel love, Special Celebrations, Special Celebrations > Valentine's day"
Pinky Life,"Occasions > Anniversary, Best Sellers, Color > Pastel love"
Pastel Dream,"Occasions > Anniversary, Best Sellers, Color > Pastel love"
Bright Arrangement,"Occasions > Anniversary, Best Sellers, Occasions > Birthday, Designer&#039;s Choice, Special Celebrations > Easter, Occasions > Get Well, Special Celebrations > Mother&#039;s day, Occasions > New Baby, Occasions > Sympathy, Occasions > Thank You, Occasions > Weddings"
Bright Bouquet,"Occasions > Anniversary, Best Sellers, Occasions > Birthday, Designer&#039;s Choice, Special Celebrations > Easter, Occasions > Get Well, Home, Special Celebrations > Mother&#039;s day, Occasions > New Baby, Occasions > Sympathy, Occasions > Thank You, Occasions > Weddings"
Yellow Arrangement,"Occasions > Anniversary, Best Sellers, Occasions > Birthday, Designer&#039;s Choice, Special Celebrations > Easter, Occasions > Get Well, Special Celebrations > Mother&#039;s day, Occasions > New Baby, Occasions > Sympathy, Occasions > Thank You, Occasions > Weddings"
Yellow Bouquet,"Occasions > Anniversary, Best Sellers, Occasions > Birthday, Designer&#039;s Choice, Special Celebrations > Easter, Occasions > Get Well, Special Celebrations > Mother&#039;s day, Occasions > New Baby, Occasions > Sympathy, Occasions > Thank You, Occasions > Weddings"
White Bouquet,"Occasions > Anniversary, Best Sellers, Occasions > Birthday, Designer&#039;s Choice, Special Celebrations > Easter, Occasions > Get Well, Special Celebrations > Mother&#039;s day, Occasions > New Baby, Occasions > Sympathy, Occasions > Thank You, Occasions > Weddings"
White Arrangement,"Occasions > Anniversary, Best Sellers, Occasions > Birthday, Designer&#039;s Choice, Special Celebrations > Easter, Occasions > Get Well, Special Celebrations > Mother&#039;s day, Occasions > New Baby, Occasions > Sympathy, Occasions > Thank You, Occasions > Weddings"
Pastel Arrangement,"Occasions > Anniversary, Best Sellers, Occasions > Birthday, Designer&#039;s Choice, Special Celebrations > Easter, Occasions > Get Well, Special Celebrations > Mother&#039;s day, Occasions > New Baby, Occasions > Sympathy, Occasions > Thank You, Occasions > Weddings"
Pastel Bouquet,"Occasions > Anniversary, Best Sellers, Occasions > Birthday, Designer&#039;s Choice, Special Celebrations > Easter, Occasions > Get Well, Special Celebrations > Mother&#039;s day, Occasions > New Baby, Occasions > Sympathy, Occasions > Thank You, Occasions > Weddings"
Dozen Red Roses in Cube Vase,"Occasions > Anniversary, Floral > Arrangement, Color > Bright Sunrise, Perfect Spot, Special Celebrations > Valentine's day"
Foil balloons (matching occasions) - 9.99$,Occasions > Hampers and Gifts
Helium Balloons (matching occasions) - 14.99$,Occasions > Hampers and Gifts
Small Bear - 24.99$,Occasions > Hampers and Gifts
Medium Bear - 34.99$,Occasions > Hampers and Gifts
Large Bear - 59.99$,Occasions > Hampers and Gifts
Chocolate Medium - 15$,Occasions > Hampers and Gifts
Chocolate Large - 25$,Occasions > Hampers and Gifts
Vase Small - 25$,Occasions > Hampers and Gifts
Vase Medium - 35$,Occasions > Hampers and Gifts
Vase Large - 45$,Occasions > Hampers and Gifts
Procecco Sparkling Wine - 30$,Occasions > Hampers and Gifts
Shiraz Red Wine - 30$,Occasions > Hampers and Gifts
Moet Champagne - 85$,Occasions > Hampers and Gifts
20 White Rose Bouquet,"Occasions > Anniversary, Floral > Bouquet, Occasions > Sympathy, Special Celebrations > Valentine's day, Color > White simplicity"
Bouquet & Chocolate Box,"Occasions > Anniversary, Best Sellers, Occasions > Birthday, Floral > Bouquet, Occasions > Hampers and Gifts, Special Celebrations > Mother&#039;s day, Occasions > New Baby, Color > Pastel love, Perfect Spot"
Half Dozen White Rose Posy,"Occasions > Anniversary, Floral > Posy, Special Celebrations > Valentine's day, Color > White simplicity"
LA Lilies Bouquet,"Occasions > Anniversary, Best Sellers, Occasions > Birthday, Occasions > Hampers and Gifts, Special Celebrations > Mother&#039;s day, Occasions > New Baby"
Floral Box & Wine,"Occasions > Anniversary, Best Sellers, Occasions > Birthday, Occasions > Hampers and Gifts, Special Celebrations > Mother&#039;s day, Occasions > New Baby"
Orchid Box and Wine,"Occasions > Anniversary, Best Sellers, Occasions > Birthday, Occasions > Hampers and Gifts, Special Celebrations > Mother&#039;s day, Occasions > New Baby"
Pink Orchird,"Floral > Tropical\, Orchids and Natives, World of Green"
Fresh,"Floral > Tropical\, Orchids and Natives, World of Green"
White Butterfly,"Floral > Tropical\, Orchids and Natives, World of Green"
Titari beauty,World of Green
Tulips,Fresh Cut
Bridesmaid Posy,Fresh Cut
Peonies,Fresh Cut
Custom Rose Bouquet,"Floral > Bouquet, Color > Bright Sunrise, Perfect Spot, Special Celebrations > Valentine's day"
Red Poinsettia Pot,"Color > Bright Sunrise, World of Green"
Thai Constellation Monsterea,World of Green
Grandi Flora,Fresh Cut
Custom Red Roses Bouquet,"Occasions > Anniversary, Floral > Bouquet, Special Celebrations > Valentine's day"
White Orchird,World of Green
White Beauty,Floral > Preserved Beauty
Snow White,Floral > Preserved Beauty
Dozen Red Rose in Box,Special Celebrations > Valentine's day
Melody Rosie,Special Celebrations > Valentine's day
Pink Rose Box,Special Celebrations > Valentine's day
Singapore Orchid Box - Blue,"Best Sellers, Special Celebrations > Mother&#039;s day"
Singapore Orchid Box - Pink,"Best Sellers, Special Celebrations > Mother&#039;s day"
Singapore Orchid Box - White,"Best Sellers, Special Celebrations > Mother&#039;s day, Special Celebrations"
Singapore Orchid Box - Pastel,"Best Sellers, Special Celebrations > Mother&#039;s day, Special Celebrations"
Dozen of Red Roses Arrangement,"Special Celebrations, Special Celebrations > Valentine's day"
2 DOZEN OF RED ROSES ARRANGEMENT,"Special Celebrations, Special Celebrations > Valentine's day"
Pinky Promise,"Best Sellers, Special Celebrations, Special Celebrations > Valentine's day"
Springtime Bouquet,"Best Sellers, Special Celebrations > Mother&#039;s day, Special Celebrations, Special Celebrations > Valentine's day"
FLORAL FANTASIA,"Best Sellers, Special Celebrations, Special Celebrations > Valentine's day"
Half Dozen Red Roses Bouquet,"Special Celebrations, Special Celebrations > Valentine's day"
Dozen Red Roses Bouquet,"Special Celebrations, Special Celebrations > Valentine's day"
Pink Roses Bouquet,"Special Celebrations, Special Celebrations > Valentine's day"
White Roses Bouquet,"Special Celebrations, Special Celebrations > Valentine's day"
Rosy Charm,"Best Sellers, Special Celebrations, Special Celebrations > Valentine's day"
Half Dozen Red Roses Arrangement,"Best Sellers, Special Celebrations, Special Celebrations > Valentine's day"
Red Rose Box,"Best Sellers, Special Celebrations, Special Celebrations > Valentine's day"
White Rose Box,"Best Sellers, Special Celebrations, Special Celebrations > Valentine's day"
Designer’s choice for Mother’s Day,Special Celebrations > Mother&#039;s day
Designer’s choice for Valentine's Day,Special Celebrations > Valentine's day
White Rose & Lilies Bouquet,"Occasions > Anniversary, Best Sellers, Occasions > Birthday, Floral > Bouquet, Special Celebrations > Christmas, Special Celebrations > Mother&#039;s day, Occasions > Thank You, Special Celebrations > Valentine's day, Occasions > Weddings"
Oriental Lilies Bouquet - White,"Occasions > Anniversary, Best Sellers, Color, Special Celebrations > Easter, Occasions > Hampers and Gifts, Special Celebrations > Mother&#039;s day, Occasions, Others, Special Celebrations, Occasions > Sympathy, Occasions > Thank You, Color > White simplicity"
Oriental Lilies Bouquet - Pink,"Occasions > Anniversary, Best Sellers, Color, Special Celebrations > Easter, Occasions > Hampers and Gifts, Special Celebrations > Mother&#039;s day, Occasions, Others, Special Celebrations, Occasions > Sympathy, Occasions > Thank You, Color > White simplicity"