ID,Type,SKU,Name,Published,Is featured?,Visibility in catalog,Description,Tax status,Tax class,In stock?,Backorders allowed?,Sold individually?,Allow customer reviews?,Regular price,Categories,Tags,Images,Position
3001,simple,NN03,Pastel love,1,0,visible,"Flowers are subject to seasonal availability. In the event that any of the flowers are unavailable, the florist will substitute with a similar flower in the same shape, style and colour. Stem count, packaging and container may vary.
\nFlowers may be delivered in bud to provide longer enjoyment.",taxable,,1,0,0,0,125,"Occasions > Anniversary, Best Sellers, Occasions > Birthday, Floral > Bouquet, Special Celebrations > Christmas, Special Celebrations > Mother&#039;s day, Occasions > New Baby, Color > Pastel love, Special Celebrations > Valentine's day",,https://magnoliaflowers.com.au/wp-content/uploads/2020/10/NN03.jpg,-123
3005,simple,NN05,Loving Mum,1,0,visible,"Flowers are subject to seasonal availability. In the event that any of the flowers are unavailable, the florist will substitute with a similar flower in the same shape, style and colour. Stem count, packaging and container may vary.\nFlowers may be delivered in bud to provide longer enjoyment.",taxable,,1,0,0,0,105,"Occasions > Anniversary, Floral > Arrangement, Best Sellers, Occasions > Birthday, Special Celebrations > Mother&#039;s day, Occasions > New Baby, Color > Pastel love, Perfect Spot, Occasions > Sympathy",,https://magnoliaflowers.com.au/wp-content/uploads/2020/10/NN05.jpg,0
3006,simple,NN10,Vivid Delights,1,0,visible,"Flowers are subject to seasonal availability. In the event that any of the flowers are unavailable, the florist will substitute with a similar flower in the same shape, style and colour. Stem count, packaging and container may vary.\nFlowers may be delivered in bud to provide longer enjoyment.",taxable,,1,0,0,1,185,"Color > Bright Sunrise, Occasions > Sympathy, Floral > Tropical\, Orchids and Natives",,https://magnoliaflowers.com.au/wp-content/uploads/2020/10/NN10.jpg,0
3014,simple,NN20,RISING SUN,1,0,visible,"Flowers are subject to seasonal availability. In the event that any of the flowers are unavailable, the florist will substitute with a similar flower in the same shape, style and colour. Stem count, packaging and container may vary.\nFlowers may be delivered in bud to provide longer enjoyment.",taxable,,1,0,0,1,105,"Color > Bright Sunrise, Special Celebrations > Christmas, Occasions > Sympathy",,https://magnoliaflowers.com.au/wp-content/uploads/2020/10/NN20.jpg,0
3019,simple,NN22,Universal Love,1,0,visible,"Flowers are subject to seasonal availability. In the event that any of the flowers are unavailable, the florist will substitute with a similar flower in the same shape, style and colour. Stem count, packaging and container may vary.
\nFlowers may be delivered in bud to provide longer enjoyment.",taxable,,1,0,0,0,115,"Occasions > Anniversary, Best Sellers, Occasions > Birthday, Special Celebrations > Mother&#039;s day, Color > Pastel love, Floral > Posy, Occasions > Sympathy, Special Celebrations > Valentine's day",HOME,https://magnoliaflowers.com.au/wp-content/uploads/2020/10/NN22.jpg,-98
3021,simple,NN25,Royal Romance,1,0,visible,"Flowers are subject to seasonal availability. In the event that any of the flowers are unavailable, the florist will substitute with a similar flower in the same shape, style and colour. Stem count, packaging and container may vary.
\nFlowers may be delivered in bud to provide longer enjoyment.",taxable,,1,0,0,0,125,"Occasions > Anniversary, Floral > Arrangement, Occasions > Birthday, Special Celebrations > Mother&#039;s day, Color > Pastel love, Occasions > Sympathy",,https://magnoliaflowers.com.au/wp-content/uploads/2020/10/NN25.jpg,-92
3023,simple,NN30,Garden Spectacle,1,0,visible,"Flowers are subject to seasonal availability. In the event that any of the flowers are unavailable, the florist will substitute with a similar flower in the same shape, style and colour. Stem count, packaging and container may vary.\nFlowers may be delivered in bud to provide longer enjoyment.",taxable,,1,0,0,1,90,"Occasions > Anniversary, Best Sellers, Occasions > Birthday, Color > Bright Sunset, Occasions > Get Well, Special Celebrations > Mother&#039;s day, Occasions > New Baby, Floral > Posy, Occasions > Thank You",,https://magnoliaflowers.com.au/wp-content/uploads/2020/10/NN30.jpg,0
3029,simple,NN33,CHALK IT NATURE,1,0,visible,"Flowers are subject to seasonal availability. In the event that any of the flowers are unavailable, the florist will substitute with a similar flower in the same shape, style and colour. Stem count, packaging and container may vary.\nFlowers may be delivered in bud to provide longer enjoyment.",taxable,,1,0,0,0,99,"Occasions > Anniversary, Best Sellers, Occasions > Birthday, Floral > Bouquet, Special Celebrations > Christmas, Special Celebrations > Easter, Occasions > New Baby, Occasions > Sympathy, Color > White simplicity",,https://magnoliaflowers.com.au/wp-content/uploads/2020/10/NN33.jpg,0
3031,simple,NN37,Love Letters,1,0,visible,"Flowers are subject to seasonal availability. In the event that any of the flowers are unavailable, the florist will substitute with a similar flower in the same shape, style and colour. Stem count, packaging and container may vary.
\nFlowers may be delivered in bud to provide longer enjoyment.",taxable,,1,0,0,0,85,"Occasions > Anniversary, Floral > Arrangement, Best Sellers, Occasions > Birthday, Color > Bright Sunrise, Special Celebrations > Christmas, Occasions > Thank You, Special Celebrations > Valentine's day",,"https://magnoliaflowers.com.au/wp-content/uploads/2020/10/8A3230A6-9D53-40D3-A974-53AB7B2398EB.jpeg  
https://magnoliaflowers.com.au/wp-content/uploads/2020/10/8A3230A6-9D53-40D3-A974-53AB7B2398EB.jpeg ",-114
3035,simple,NN47,Pastel Wishes,1,0,visible,"Flowers are subject to seasonal availability. In the event that any of the flowers are unavailable, the florist will substitute with a similar flower in the same shape, style and colour. Stem count, packaging and container may vary.\nFlowers may be delivered in bud to provide longer enjoyment.",taxable,,1,0,0,1,125,"Occasions > Anniversary, Floral > Arrangement, Occasions > Birthday, Occasions > Get Well, Special Celebrations > Mother&#039;s day, Occasions > New Baby, Color > Pastel love, Occasions > Sympathy",,https://magnoliaflowers.com.au/wp-content/uploads/2020/10/NN47.jpg,0
3037,simple,NN48,Sunbeam Smiles,1,0,visible,"Flowers are subject to seasonal availability. In the event that any of the flowers are unavailable, the florist will substitute with a similar flower in the same shape, style and colour. Stem count, packaging and container may vary.\nFlowers may be delivered in bud to provide longer enjoyment.",taxable,,1,0,0,0,125,"Best Sellers, Occasions > Birthday, Floral > Bouquet, Color > Bright Sunrise, Occasions > Get Well, Special Celebrations > Mother&#039;s day, Occasions > New Baby, Perfect Spot, Occasions > Sympathy",,https://magnoliaflowers.com.au/wp-content/uploads/2020/10/NN48.jpg,0
3042,simple,NN51,Serenity,1,0,visible,"Flowers are subject to seasonal availability. In the event that any of the flowers are unavailable, the florist will substitute with a similar flower in the same shape, style and colour. Stem count, packaging and container may vary.\nFlowers may be delivered in bud to provide longer enjoyment.",taxable,,1,0,0,1,125,"Special Celebrations > Easter, Occasions > Sympathy, Color > White simplicity",,https://magnoliaflowers.com.au/wp-content/uploads/2020/10/NN51.jpg,0
3044,simple,NN56,Roses Heart,1,0,visible,"Flowers are subject to seasonal availability. In the event that any of the flowers are unavailable, the florist will substitute with a similar flower in the same shape, style and colour. Stem count, packaging and container may vary.\nFlowers may be delivered in bud to provide longer enjoyment.",taxable,,1,0,0,1,195,"Color > Bright Sunset, Occasions > Sympathy",,https://magnoliaflowers.com.au/wp-content/uploads/2020/10/NN56.jpg,0
3046,simple,NN63,Watercolour Wishes,1,0,visible,"Flowers are subject to seasonal availability. In the event that any of the flowers are unavailable, the florist will substitute with a similar flower in the same shape, style and colour. Stem count, packaging and container may vary.\nFlowers may be delivered in bud to provide longer enjoyment.",taxable,,1,0,0,1,95,Best Sellers,,https://magnoliaflowers.com.au/wp-content/uploads/2020/10/NN63.jpg,0
3048,simple,NN64,Summer Breeze,1,0,visible,"Flowers are subject to seasonal availability. In the event that any of the flowers are unavailable, the florist will substitute with a similar flower in the same shape, style and colour. Stem count, packaging and container may vary.\nFlowers may be delivered in bud to provide longer enjoyment.",taxable,,1,0,0,1,185,"Floral > Arrangement, Color > Bright Sunrise, Occasions > Get Well, Special Celebrations > Mother&#039;s day, Occasions > Sympathy, Occasions > Thank You",,https://magnoliaflowers.com.au/wp-content/uploads/2020/10/NN64.jpg,0
3050,simple,NN68,Never-Ending Love,1,0,visible,"Flowers are subject to seasonal availability. In the event that any of the flowers are unavailable, the florist will substitute with a similar flower in the same shape, style and colour. Stem count, packaging and container may vary.
\nFlowers may be delivered in bud to provide longer enjoyment.",taxable,,1,0,0,0,120,"Occasions > Anniversary, Floral > Arrangement, Color > Bright Sunrise, Special Celebrations > Valentine's day",,"https://magnoliaflowers.com.au/wp-content/uploads/2020/10/flower-web-.png, https://magnoliaflowers.com.au/wp-content/uploads/2020/10/flower-web-.png",-120
3052,simple,NN69,Enchanted Wishes,1,0,visible,"Flowers are subject to seasonal availability. In the event that any of the flowers are unavailable, the florist will substitute with a similar flower in the same shape, style and colour. Stem count, packaging and container may vary.\nFlowers may be delivered in bud to provide longer enjoyment.",taxable,,1,0,0,0,125,"Occasions > Anniversary, Floral > Arrangement, Best Sellers, Occasions > Birthday, Special Celebrations > Mother&#039;s day, Color > Pastel love, Occasions > Sympathy",,https://magnoliaflowers.com.au/wp-content/uploads/2020/10/NN69.jpg,0
3058,simple,NN76,Tropical Love,1,0,visible,"Flowers are subject to seasonal availability. In the event that any of the flowers are unavailable, the florist will substitute with a similar flower in the same shape, style and colour. Stem count, packaging and container may vary.\nFlowers may be delivered in bud to provide longer enjoyment.",taxable,,1,0,0,1,145,"Special Celebrations > Christmas, Occasions > Sympathy, Floral > Tropical\, Orchids and Natives, Color > White simplicity",,https://magnoliaflowers.com.au/wp-content/uploads/2020/10/NN76.jpg,0
3061,simple,NN78,Gerbera Spot,1,0,visible,"Flowers are subject to seasonal availability. In the event that any of the flowers are unavailable, the florist will substitute with a similar flower in the same shape, style and colour. Stem count, packaging and container may vary.\nFlowers may be delivered in bud to provide longer enjoyment.",taxable,,1,0,0,0,85,"Floral > Arrangement, Best Sellers, Color > Bright Sunrise, Occasions > Get Well, Special Celebrations > Mother&#039;s day, Occasions > Sympathy, Occasions > Thank You",,https://magnoliaflowers.com.au/wp-content/uploads/2020/10/NN78.jpg,0
3063,simple,NN81,Dreamy White,1,0,visible,"Flowers are subject to seasonal availability. In the event that any of the flowers are unavailable, the florist will substitute with a similar flower in the same shape, style and colour. Stem count, packaging and container may vary.
\nFlowers may be delivered in bud to provide longer enjoyment.",taxable,,1,0,0,0,105,"Floral > Arrangement, Best Sellers, Special Celebrations > Christmas, Special Celebrations > Easter, Perfect Spot, Occasions > Sympathy, Occasions > Thank You, Color > White simplicity",,https://magnoliaflowers.com.au/wp-content/uploads/2020/10/NN81.jpg,-118
3067,simple,NN90,Heartfelt Memories,1,0,visible,"Flowers are subject to seasonal availability. In the event that any of the flowers are unavailable, the florist will substitute with a similar flower in the same shape, style and colour. Stem count, packaging and container may vary.\nFlowers may be delivered in bud to provide longer enjoyment.",taxable,,1,0,0,1,145,"Floral > Arrangement, Best Sellers, Color > Bright Sunset, Special Celebrations > Mother&#039;s day, Perfect Spot, Occasions > Sympathy",,https://magnoliaflowers.com.au/wp-content/uploads/2020/10/NN90.jpg,0
3084,simple,NN101,Innocent Love,1,0,visible,"Flowers are subject to seasonal availability. In the event that any of the flowers are unavailable, the florist will substitute with a similar flower in the same shape, style and colour. Stem count, packaging and container may vary.\nFlowers may be delivered in bud to provide longer enjoyment.",taxable,,1,0,0,0,109,"Floral > Arrangement, Best Sellers, Special Celebrations > Easter, Occasions > Sympathy, Color > White simplicity",,https://magnoliaflowers.com.au/wp-content/uploads/2020/10/NN101.jpg,0
3088,simple,NN104,Cherished Memories,1,0,visible,"Flowers are subject to seasonal availability. In the event that any of the flowers are unavailable, the florist will substitute with a similar flower in the same shape, style and colour. Stem count, packaging and container may vary.
\nFlowers may be delivered in bud to provide longer enjoyment.",taxable,,1,0,0,0,70,"Occasions > Anniversary, Floral > Arrangement, Best Sellers, Occasions > Sympathy, Color > White simplicity",,https://magnoliaflowers.com.au/wp-content/uploads/2020/10/NN104.jpg,-118
3089,simple,NN105,With Distinction,1,0,visible,"Flowers are subject to seasonal availability. In the event that any of the flowers are unavailable, the florist will substitute with a similar flower in the same shape, style and colour. Stem count, packaging and container may vary.\nFlowers may be delivered in bud to provide longer enjoyment.",taxable,,1,0,0,0,105,"Floral > Arrangement, Special Celebrations > Christmas, Color > Pastel love, Occasions > Sympathy, Occasions > Thank You, Color > White simplicity",,https://magnoliaflowers.com.au/wp-content/uploads/2020/10/NN105.jpg,0
3093,simple,NN113,Rebecca Trop,1,0,visible,"Flowers are subject to seasonal availability. In the event that any of the flowers are unavailable, the florist will substitute with a similar flower in the same shape, style and colour. Stem count, packaging and container may vary.\nFlowers may be delivered in bud to provide longer enjoyment.",taxable,,1,0,0,1,125,"Color > Bright Sunrise, Special Celebrations > Christmas, Perfect Spot, Occasions > Sympathy, Occasions > Thank You, Floral > Tropical\, Orchids and Natives",,https://magnoliaflowers.com.au/wp-content/uploads/2020/10/NN113.jpg,0
3102,simple,NN121,Cotton Candy,1,0,visible,"Flowers are subject to seasonal availability. In the event that any of the flowers are unavailable, the florist will substitute with a similar flower in the same shape, style and colour. Stem count, packaging and container may vary.\nFlowers may be delivered in bud to provide longer enjoyment.",taxable,,1,0,0,1,75,"Occasions > Anniversary, Best Sellers, Occasions > Birthday, Special Celebrations > Christmas, Floral > Posy, Occasions > Sympathy, Color > White simplicity",,https://magnoliaflowers.com.au/wp-content/uploads/2020/10/NN121.jpg,0
3107,simple,NN130,Vibrant Energy,1,0,visible,"Flowers are subject to seasonal availability. In the event that any of the flowers are unavailable, the florist will substitute with a similar flower in the same shape, style and colour. Stem count, packaging and container may vary.\nFlowers may be delivered in bud to provide longer enjoyment.",taxable,,1,0,0,0,85,"Occasions > Birthday, Occasions > Get Well, Special Celebrations > Mother&#039;s day, Occasions > New Baby, Color > Pastel love, Perfect Spot, Floral > Posy, Occasions > Thank You",,https://magnoliaflowers.com.au/wp-content/uploads/2020/10/NN130.jpg,0
3111,simple,NN134,Sunflower Bouquet,1,0,visible,"Flowers are subject to seasonal availability. In the event that any of the flowers are unavailable, the florist will substitute with a similar flower in the same shape, style and colour. Stem count, packaging and container may vary.\nFlowers may be delivered in bud to provide longer enjoyment.",taxable,,1,0,0,0,95,"Floral > Bouquet, Color > Bright Sunrise, Floral > Tropical\, Orchids and Natives",,https://magnoliaflowers.com.au/wp-content/uploads/2020/10/NN134.jpg,0
3115,simple,NN152,Thanks A Million,1,0,visible,"Flowers are subject to seasonal availability. In the event that any of the flowers are unavailable, the florist will substitute with a similar flower in the same shape, style and colour. Stem count, packaging and container may vary.
\nFlowers may be delivered in bud to provide longer enjoyment.",taxable,,1,0,0,0,90,"Occasions > Anniversary, Best Sellers, Occasions > Birthday, Floral > Bouquet, Special Celebrations > Mother&#039;s day, Occasions > Sympathy, Color > White simplicity",,https://magnoliaflowers.com.au/wp-content/uploads/2020/10/NN152.jpg,-112
3117,simple,NN153,Divine Light,1,0,visible,"Flowers are subject to seasonal availability. In the event that any of the flowers are unavailable, the florist will substitute with a similar flower in the same shape, style and colour. Stem count, packaging and container may vary.\nFlowers may be delivered in bud to provide longer enjoyment.",taxable,,1,0,0,1,185,"Perfect Spot, Occasions > Sympathy, Color > White simplicity",,https://magnoliaflowers.com.au/wp-content/uploads/2020/10/NN153.jpg,0
3119,simple,NN159,Her Parties,1,0,visible,"Flowers are subject to seasonal availability. In the event that any of the flowers are unavailable, the florist will substitute with a similar flower in the same shape, style and colour. Stem count, packaging and container may vary.\nFlowers may be delivered in bud to provide longer enjoyment.",taxable,,1,0,0,0,99,"Best Sellers, Occasions > Birthday, Floral > Bouquet, Color > Bright Sunrise, Occasions > Get Well, Special Celebrations > Mother&#039;s day, Occasions > Sympathy",,https://magnoliaflowers.com.au/wp-content/uploads/2020/10/NN159.jpg,0
3126,simple,NN166,Nunkeri,1,0,visible,"Flowers are subject to seasonal availability. In the event that any of the flowers are unavailable, the florist will substitute with a similar flower in the same shape, style and colour. Stem count, packaging and container may vary.\nFlowers may be delivered in bud to provide longer enjoyment.",taxable,,1,0,0,1,75,"Occasions > Anniversary, Occasions > Birthday, Color > Bright Sunrise, Special Celebrations > Christmas, Occasions > New Baby, Occasions > Sympathy, Floral > Tropical\, Orchids and Natives",,https://magnoliaflowers.com.au/wp-content/uploads/2020/10/NN166.jpg,0
3130,simple,NN173,Tropical Dream,1,0,visible,"Flowers are subject to seasonal availability. In the event that any of the flowers are unavailable, the florist will substitute with a similar flower in the same shape, style and colour. Stem count, packaging and container may vary.\nFlowers may be delivered in bud to provide longer enjoyment.",taxable,,1,0,0,1,145,"Occasions > Anniversary, Floral > Arrangement, Occasions > Birthday, Color > Bright Sunrise, Special Celebrations > Christmas, Occasions > Get Well, Occasions > New Baby, Perfect Spot, Occasions > Sympathy, Occasions > Thank You",,https://magnoliaflowers.com.au/wp-content/uploads/2020/10/NN173.jpg,0
3140,simple,NN182,Just Peachy,1,0,visible,"Flowers are subject to seasonal availability. In the event that any of the flowers are unavailable, the florist will substitute with a similar flower in the same shape, style and colour. Stem count, packaging and container may vary.\nFlowers may be delivered in bud to provide longer enjoyment.",taxable,,1,0,0,1,145,"Best Sellers, Floral > Bouquet, Color > Bright Sunrise, Special Celebrations > Christmas, Special Celebrations > Easter, Occasions > Get Well, Occasions > Sympathy, Occasions > Thank You",,https://magnoliaflowers.com.au/wp-content/uploads/2020/10/NN182.jpg,0
3143,simple,NN183,Pastel Floral,1,0,visible,"Flowers are subject to seasonal availability. In the event that any of the flowers are unavailable, the florist will substitute with a similar flower in the same shape, style and colour. Stem count, packaging and container may vary.
\nFlowers may be delivered in bud to provide longer enjoyment.",taxable,,1,0,0,0,85,"Occasions > Anniversary, Best Sellers, Occasions > Birthday, Floral > Bouquet, Special Celebrations > Mother&#039;s day, Color > Pastel love",,https://magnoliaflowers.com.au/wp-content/uploads/2020/10/NN183.jpg,-98
3153,simple,NN190,Ravishing Red,1,0,visible,"Flowers are subject to seasonal availability. In the event that any of the flowers are unavailable, the florist will substitute with a similar flower in the same shape, style and colour. Stem count, packaging and container may vary.
\nFlowers may be delivered in bud to provide longer enjoyment.",taxable,,1,0,0,0,120,"Occasions > Anniversary, Best Sellers, Floral > Bouquet, Color > Bright Sunrise, Special Celebrations > Valentine's day",,https://magnoliaflowers.com.au/wp-content/uploads/2020/10/NN190.jpg,93
3155,simple,NN191,Citrus Splash,1,0,visible,"Flowers are subject to seasonal availability. In the event that any of the flowers are unavailable, the florist will substitute with a similar flower in the same shape, style and colour. Stem count, packaging and container may vary.\nFlowers may be delivered in bud to provide longer enjoyment.",taxable,,1,0,0,0,75,"Occasions > Anniversary, Floral > Arrangement, Best Sellers, Occasions > Birthday, Color > Bright Sunrise, Occasions > Get Well, Special Celebrations > Mother&#039;s day, Occasions > New Baby, Occasions > Sympathy, Occasions > Thank You",,https://magnoliaflowers.com.au/wp-content/uploads/2020/10/NN191.jpg,0
3161,simple,NN201,White Memories,1,0,visible,"Flowers are subject to seasonal availability. In the event that any of the flowers are unavailable, the florist will substitute with a similar flower in the same shape, style and colour. Stem count, packaging and container may vary.
\nFlowers may be delivered in bud to provide longer enjoyment.",taxable,,1,0,0,0,95,"Floral > Arrangement, Best Sellers, Special Celebrations > Christmas, Special Celebrations > Easter, Occasions > Sympathy, Color > White simplicity",,https://magnoliaflowers.com.au/wp-content/uploads/2020/10/NN201.jpg,-79
3164,simple,NN202,Purest Intentions,1,0,visible,"Flowers are subject to seasonal availability. In the event that any of the flowers are unavailable, the florist will substitute with a similar flower in the same shape, style and colour. Stem count, packaging and container may vary.
\nFlowers may be delivered in bud to provide longer enjoyment.",taxable,,1,0,0,0,75,"Occasions > Anniversary, Floral > Arrangement, Best Sellers, Occasions > Birthday, Occasions > Get Well, Special Celebrations > Mother&#039;s day, Occasions > New Baby, Color > Pastel love, Occasions > Sympathy",,https://magnoliaflowers.com.au/wp-content/uploads/2020/10/NN202.jpg,-107
3168,simple,NN205,White beauty,1,0,visible,"Flowers are subject to seasonal availability. In the event that any of the flowers are unavailable, the florist will substitute with a similar flower in the same shape, style and colour. Stem count, packaging and container may vary.
\nFlowers may be delivered in bud to provide longer enjoyment.",taxable,,1,0,0,0,65,"Floral > Arrangement, Best Sellers, Special Celebrations > Christmas, Special Celebrations > Easter, Occasions > Sympathy, Color > White simplicity",,https://magnoliaflowers.com.au/wp-content/uploads/2020/10/NN205.jpg,-81
3170,simple,NN208,White Dreams,1,0,visible,"Flowers are subject to seasonal availability. In the event that any of the flowers are unavailable, the florist will substitute with a similar flower in the same shape, style and colour. Stem count, packaging and container may vary.
\nFlowers may be delivered in bud to provide longer enjoyment.",taxable,,1,0,0,0,65,"Best Sellers, Floral > Bouquet, Perfect Spot, Occasions > Sympathy, Color > White simplicity",,https://magnoliaflowers.com.au/wp-content/uploads/2020/10/NN208.jpg,-83
3182,simple,NN264,Expressions of Love,1,0,visible,"Flowers are subject to seasonal availability. In the event that any of the flowers are unavailable, the florist will substitute with a similar flower in the same shape, style and colour. Stem count, packaging and container may vary.
\nFlowers may be delivered in bud to provide longer enjoyment.",taxable,,0,0,0,0,80,"Occasions > Anniversary, Best Sellers, Occasions > Birthday, Floral > Bouquet, Color > Bright Sunrise, Occasions > Get Well, Special Celebrations > Mother&#039;s day, Occasions > New Baby, Occasions > Thank You",,https://magnoliaflowers.com.au/wp-content/uploads/2020/10/NN264.jpg,-112
3185,simple,NN230,Love and Laughter,1,0,visible,"Flowers are subject to seasonal availability. In the event that any of the flowers are unavailable, the florist will substitute with a similar flower in the same shape, style and colour. Stem count, packaging and container may vary.
\nFlowers may be delivered in bud to provide longer enjoyment.",taxable,,1,0,0,0,125,"Occasions > Anniversary, Best Sellers, Occasions > Birthday, Floral > Bouquet, Special Celebrations > Mother&#039;s day, Color > Pastel love, Special Celebrations, Occasions > Sympathy",,https://magnoliaflowers.com.au/wp-content/uploads/2020/10/NN230.jpg,-119
3195,simple,NN283,PINK Dream,1,0,visible,"Flowers are subject to seasonal availability. In the event that any of the flowers are unavailable, the florist will substitute with a similar flower in the same shape, style and colour. Stem count, packaging and container may vary.
\nFlowers may be delivered in bud to provide longer enjoyment.",taxable,,1,0,0,0,119,"Occasions > Anniversary, Floral > Arrangement, Best Sellers, Occasions > Birthday, Color > Bright Sunset, Occasions > Get Well, Occasions > New Baby",,https://magnoliaflowers.com.au/wp-content/uploads/2020/10/NN283.jpg,-102
3197,simple,NN286,Purple Love,1,0,visible,"Flowers are subject to seasonal availability. In the event that any of the flowers are unavailable, the florist will substitute with a similar flower in the same shape, style and colour. Stem count, packaging and container may vary.
\nFlowers may be delivered in bud to provide longer enjoyment.",taxable,,1,0,0,0,115,"Occasions > Anniversary, Floral > Arrangement, Best Sellers, Occasions > Birthday, Color > Bright Sunset, Occasions > Get Well, Occasions > New Baby, Floral > Tropical\, Orchids and Natives",,https://magnoliaflowers.com.au/wp-content/uploads/2020/10/NN286.jpg,-106
3199,simple,NN287,KYEWONG,1,0,visible,"Flowers are subject to seasonal availability. In the event that any of the flowers are unavailable, the florist will substitute with a similar flower in the same shape, style and colour. Stem count, packaging and container may vary.
\nFlowers may be delivered in bud to provide longer enjoyment.",taxable,,1,0,0,0,165,"Occasions > Anniversary, Best Sellers, Occasions > Birthday, Color > Bright Sunrise, Special Celebrations > Christmas, Occasions > Get Well, Special Celebrations > Mother&#039;s day, Occasions > New Baby, Color > Pastel love, Occasions > Sympathy, Occasions > Thank You, Floral > Tropical\, Orchids and Natives, Occasions > Weddings",,https://magnoliaflowers.com.au/wp-content/uploads/2020/10/NN287.jpg,-108
3201,simple,NN289,LILAC BEAUTY,1,0,visible,"Flowers are subject to seasonal availability. In the event that any of the flowers are unavailable, the florist will substitute with a similar flower in the same shape, style and colour. Stem count, packaging and container may vary.
\nFlowers may be delivered in bud to provide longer enjoyment.",taxable,,1,0,0,0,165,"Occasions > Anniversary, Best Sellers, Occasions > Birthday, Color > Bright Sunrise, Special Celebrations > Christmas, Special Celebrations > Easter, Occasions > Get Well, Color > Pastel love, Occasions > Sympathy",,https://magnoliaflowers.com.au/wp-content/uploads/2020/10/NN289.jpg,-109
3203,simple,NN292,SWEET SORBET,1,0,visible,"Flowers are subject to seasonal availability. In the event that any of the flowers are unavailable, the florist will substitute with a similar flower in the same shape, style and colour. Stem count, packaging and container may vary.
\nFlowers may be delivered in bud to provide longer enjoyment.",taxable,,1,0,0,0,125,"Occasions > Anniversary, Best Sellers, Occasions > Birthday, Color > Bright Sunrise, Color > Bright Sunset, Special Celebrations > Christmas, Special Celebrations > Easter, Occasions > Get Well, Occasions > Sympathy",,https://magnoliaflowers.com.au/wp-content/uploads/2020/10/NN292.jpg,-109
3204,simple,NN296,Sweet Nicky,1,0,visible,"Flowers are subject to seasonal availability. In the event that any of the flowers are unavailable, the florist will substitute with a similar flower in the same shape, style and colour. Stem count, packaging and container may vary.
\nFlowers may be delivered in bud to provide longer enjoyment.",taxable,,1,0,0,0,125,"Occasions > Anniversary, Best Sellers, Occasions > Birthday, Floral > Bouquet, Special Celebrations > Easter, Occasions > Get Well, Special Celebrations > Mother&#039;s day, Occasions > New Baby, Occasions > Sympathy, Occasions > Thank You, Floral > Tropical\, Orchids and Natives, Occasions > Weddings",,https://magnoliaflowers.com.au/wp-content/uploads/2020/10/NN296-1.jpg,-115
3218,simple,NN19,GRACEFUL BEAUTY,1,0,visible,"Flowers are subject to seasonal availability. In the event that any of the flowers are unavailable, the florist will substitute with a similar flower in the same shape, style and colour. Stem count, packaging and container may vary.\nFlowers may be delivered in bud to provide longer enjoyment.",taxable,,1,0,0,1,135,"Floral > Arrangement, Color > Bright Sunrise, Occasions > Hampers and Gifts, Occasions > New Baby",,https://magnoliaflowers.com.au/wp-content/uploads/2020/10/NN19.jpg,0
3220,simple,NN29,Tropical Sunshine,1,0,visible,"Flowers are subject to seasonal availability. In the event that any of the flowers are unavailable, the florist will substitute with a similar flower in the same shape, style and colour. Stem count, packaging and container may vary.\nFlowers may be delivered in bud to provide longer enjoyment.",taxable,,1,0,0,0,125,"Occasions > Anniversary, Occasions > Birthday, Color > Bright Sunrise, Special Celebrations > Christmas, Occasions > Sympathy, Occasions > Thank You",,https://magnoliaflowers.com.au/wp-content/uploads/2020/10/NN29.jpg,0
3224,simple,NN36,Warm Heart,1,0,visible,"Flowers are subject to seasonal availability. In the event that any of the flowers are unavailable, the florist will substitute with a similar flower in the same shape, style and colour. Stem count, packaging and container may vary.\nFlowers may be delivered in bud to provide longer enjoyment.",taxable,,1,0,0,1,145,"Color > Bright Sunrise, Occasions > Sympathy",,https://magnoliaflowers.com.au/wp-content/uploads/2020/10/NN36.jpg,0
3229,simple,NN39,It's love,1,0,visible,"Flowers are subject to seasonal availability. In the event that any of the flowers are unavailable, the florist will substitute with a similar flower in the same shape, style and colour. Stem count, packaging and container may vary.\nFlowers may be delivered in bud to provide longer enjoyment.",taxable,,1,0,0,1,135,"Floral > Arrangement, Color > Bright Sunrise, Occasions > Hampers and Gifts, Occasions > New Baby",,https://magnoliaflowers.com.au/wp-content/uploads/2020/10/NN39.jpg,0
3237,simple,NN73,Thanks Mum,1,0,visible,"Flowers are subject to seasonal availability. In the event that any of the flowers are unavailable, the florist will substitute with a similar flower in the same shape, style and colour. Stem count, packaging and container may vary.\nFlowers may be delivered in bud to provide longer enjoyment.",taxable,,1,0,0,1,165,"Occasions > Anniversary, Floral > Arrangement, Color > Bright Sunset, Special Celebrations > Mother&#039;s day, Perfect Spot, Occasions > Sympathy",,https://magnoliaflowers.com.au/wp-content/uploads/2020/10/NN73.jpg,0
3239,simple,NN77,Enchanted Blooms,1,0,visible,"Flowers are subject to seasonal availability. In the event that any of the flowers are unavailable, the florist will substitute with a similar flower in the same shape, style and colour. Stem count, packaging and container may vary.\nFlowers may be delivered in bud to provide longer enjoyment.",taxable,,1,0,0,1,125,"Occasions > Anniversary, Occasions > Birthday, Special Celebrations > Christmas, Occasions > Get Well, Occasions > New Baby, Special Celebrations > Valentine's day",,https://magnoliaflowers.com.au/wp-content/uploads/2020/10/NN77.jpg,0
3241,simple,NN83,Watercolour Wishes,1,0,visible,"Flowers are subject to seasonal availability. In the event that any of the flowers are unavailable, the florist will substitute with a similar flower in the same shape, style and colour. Stem count, packaging and container may vary.\nFlowers may be delivered in bud to provide longer enjoyment.",taxable,,1,0,0,1,145,"Occasions > Anniversary, Floral > Arrangement, Occasions > Birthday, Color > Bright Sunset, Special Celebrations > Christmas, Special Celebrations > Mother&#039;s day, Perfect Spot, Occasions > Sympathy, Occasions > Thank You",,https://magnoliaflowers.com.au/wp-content/uploads/2020/10/NN83.jpg,0
3243,simple,NN84,Sweet Promise,1,0,visible,"Flowers are subject to seasonal availability. In the event that any of the flowers are unavailable, the florist will substitute with a similar flower in the same shape, style and colour. Stem count, packaging and container may vary.\nFlowers may be delivered in bud to provide longer enjoyment.",taxable,,1,0,0,1,165,"Floral > Arrangement, Best Sellers, Occasions > Birthday, Color > Bright Sunset, Special Celebrations > Christmas, Occasions > Get Well, Special Celebrations > Mother&#039;s day, Occasions > Sympathy",,https://magnoliaflowers.com.au/wp-content/uploads/2020/10/NN84.jpg,0
3258,simple,NN124,Soft&Sweet,1,0,visible,"Flowers are subject to seasonal availability. In the event that any of the flowers are unavailable, the florist will substitute with a similar flower in the same shape, style and colour. Stem count, packaging and container may vary.\nFlowers may be delivered in bud to provide longer enjoyment.",taxable,,1,0,0,1,165,"Occasions > Anniversary, Floral > Arrangement, Color > Bright Sunrise, Special Celebrations > Christmas, Occasions > Sympathy",,https://magnoliaflowers.com.au/wp-content/uploads/2020/10/NN124.jpg,0
3269,simple,NN160,Summer Time,1,0,visible,"Flowers are subject to seasonal availability. In the event that any of the flowers are unavailable, the florist will substitute with a similar flower in the same shape, style and colour. Stem count, packaging and container may vary.\nFlowers may be delivered in bud to provide longer enjoyment.",taxable,,1,0,0,1,135,"Occasions > Anniversary, Floral > Arrangement, Best Sellers, Color > Bright Sunrise, Occasions > Get Well, Special Celebrations > Mother&#039;s day, Occasions > New Baby, Occasions > Sympathy",,https://magnoliaflowers.com.au/wp-content/uploads/2020/10/NN160.jpg,0
3279,simple,NN194,Garden Oasis,1,0,visible,"Flowers are subject to seasonal availability. In the event that any of the flowers are unavailable, the florist will substitute with a similar flower in the same shape, style and colour. Stem count, packaging and container may vary.\nFlowers may be delivered in bud to provide longer enjoyment.",taxable,,1,0,0,0,145,"Floral > Arrangement, Best Sellers, Color > Bright Sunrise, Occasions > Get Well, Special Celebrations > Mother&#039;s day, Perfect Spot, Occasions > Sympathy, Occasions > Thank You",,https://magnoliaflowers.com.au/wp-content/uploads/2020/10/NN194.jpg,0
3281,simple,NN195,True Romance,1,0,visible,"Flowers are subject to seasonal availability. In the event that any of the flowers are unavailable, the florist will substitute with a similar flower in the same shape, style and colour. Stem count, packaging and container may vary.
\nFlowers may be delivered in bud to provide longer enjoyment.",taxable,,1,0,0,0,,"Occasions > Anniversary, Floral > Arrangement, Best Sellers, Color > Bright Sunrise, Perfect Spot, Special Celebrations > Valentine's day",LOVE,https://magnoliaflowers.com.au/wp-content/uploads/2020/10/NN195.jpg,-102
3283,simple,NN198,Get Away,1,0,visible,"Flowers are subject to seasonal availability. In the event that any of the flowers are unavailable, the florist will substitute with a similar flower in the same shape, style and colour. Stem count, packaging and container may vary.\nFlowers may be delivered in bud to provide longer enjoyment.",taxable,,1,0,0,0,145,"Floral > Arrangement, Color > Bright Sunrise, Special Celebrations > Christmas, Home, Occasions > Sympathy, Occasions > Thank You",,https://magnoliaflowers.com.au/wp-content/uploads/2020/10/NN198.jpg,0
3288,simple,NN209,Beautiful Day,1,0,visible,"Flowers are subject to seasonal availability. In the event that any of the flowers are unavailable, the florist will substitute with a similar flower in the same shape, style and colour. Stem count, packaging and container may vary.
\nFlowers may be delivered in bud to provide longer enjoyment.",taxable,,1,0,0,0,125,"Occasions > Anniversary, Floral > Arrangement, Best Sellers, Occasions > Birthday, Color > Bright Sunset, Occasions > Get Well, Special Celebrations > Mother&#039;s day, Occasions > New Baby, Perfect Spot, Occasions > Thank You",,https://magnoliaflowers.com.au/wp-content/uploads/2020/10/NN209.jpg,-84
3290,simple,NN211,Pastel Rosy,1,0,visible,"Flowers are subject to seasonal availability. In the event that any of the flowers are unavailable, the florist will substitute with a similar flower in the same shape, style and colour. Stem count, packaging and container may vary.\nFlowers may be delivered in bud to provide longer enjoyment.",taxable,,1,0,0,1,80,"Occasions > Anniversary, Occasions > Birthday, Occasions > Get Well, Special Celebrations > Mother&#039;s day, Occasions > New Baby, Color > Pastel love, Floral > Posy, Occasions > Sympathy",,https://magnoliaflowers.com.au/wp-content/uploads/2020/10/NN211.jpg,0
3292,simple,NN215,Weerong,1,0,visible,"Flowers are subject to seasonal availability. In the event that any of the flowers are unavailable, the florist will substitute with a similar flower in the same shape, style and colour. Stem count, packaging and container may vary.\nFlowers may be delivered in bud to provide longer enjoyment.",taxable,,1,0,0,1,145,"Occasions > Anniversary, Best Sellers, Color > Bright Sunrise, Special Celebrations > Christmas, Occasions > Sympathy, Occasions > Thank You, Floral > Tropical\, Orchids and Natives",,https://magnoliaflowers.com.au/wp-content/uploads/2020/10/NN215.jpg,0
3302,simple,NN279,Perfect Mum,1,0,visible,"Flowers are subject to seasonal availability. In the event that any of the flowers are unavailable, the florist will substitute with a similar flower in the same shape, style and colour. Stem count, packaging and container may vary.\nFlowers may be delivered in bud to provide longer enjoyment.",taxable,,1,0,0,1,115,"Occasions > Anniversary, Occasions > Birthday, Occasions > Get Well, Special Celebrations > Mother&#039;s day, Occasions > New Baby, Color > Pastel love, Floral > Posy, Occasions > Thank You",,https://magnoliaflowers.com.au/wp-content/uploads/2020/10/NN279.jpg,0
3306,simple,NN280,Pastel Life,1,0,visible,"Flowers are subject to seasonal availability. In the event that any of the flowers are unavailable, the florist will substitute with a similar flower in the same shape, style and colour. Stem count, packaging and container may vary.
\nFlowers may be delivered in bud to provide longer enjoyment.",taxable,,1,0,0,0,145,"Occasions > Anniversary, Best Sellers, Color > Pastel love",,https://magnoliaflowers.com.au/wp-content/uploads/2020/10/NN280.jpg,-100
3308,simple,NN282,Simple Life,1,0,visible,"Flowers are subject to seasonal availability. In the event that any of the flowers are unavailable, the florist will substitute with a similar flower in the same shape, style and colour. Stem count, packaging and container may vary.
\nFlowers may be delivered in bud to provide longer enjoyment.",taxable,,1,0,0,0,125,"Best Sellers, Floral > Bouquet, Perfect Spot, Occasions > Sympathy, Color > White simplicity",,https://magnoliaflowers.com.au/wp-content/uploads/2020/10/NN282.jpg,-1
3310,simple,NN284,Tropical Summer,1,0,visible,"Flowers are subject to seasonal availability. In the event that any of the flowers are unavailable, the florist will substitute with a similar flower in the same shape, style and colour. Stem count, packaging and container may vary.
\nFlowers may be delivered in bud to provide longer enjoyment.",taxable,,1,0,0,0,125,"Occasions > Anniversary, Best Sellers, Occasions > Birthday, Color > Bright Sunrise, Special Celebrations > Christmas, Special Celebrations > Easter, Occasions > Get Well, Occasions > Sympathy, Floral > Tropical\, Orchids and Natives",,https://magnoliaflowers.com.au/wp-content/uploads/2020/10/NN284.jpg,-104
3312,simple,NN285,Love Rosy,1,0,visible,"Flowers are subject to seasonal availability. In the event that any of the flowers are unavailable, the florist will substitute with a similar flower in the same shape, style and colour. Stem count, packaging and container may vary.
\nFlowers may be delivered in bud to provide longer enjoyment.",taxable,,1,0,0,0,125,"Occasions > Anniversary, Best Sellers, Color > Pastel love, Special Celebrations, Special Celebrations > Valentine's day",HOME,https://magnoliaflowers.com.au/wp-content/uploads/2020/10/NN285.jpg,-94
3314,simple,NN288,Pinky Life,1,0,visible,"Flowers are subject to seasonal availability. In the event that any of the flowers are unavailable, the florist will substitute with a similar flower in the same shape, style and colour. Stem count, packaging and container may vary.
\nFlowers may be delivered in bud to provide longer enjoyment.",taxable,,1,0,0,0,145,"Occasions > Anniversary, Best Sellers, Color > Pastel love",,https://magnoliaflowers.com.au/wp-content/uploads/2020/10/NN288.jpg,-107
3316,simple,NN295,Pastel Dream,1,0,visible,"Flowers are subject to seasonal availability. In the event that any of the flowers are unavailable, the florist will substitute with a similar flower in the same shape, style and colour. Stem count, packaging and container may vary.
\nFlowers may be delivered in bud to provide longer enjoyment.",taxable,,1,0,0,0,135,"Occasions > Anniversary, Best Sellers, Color > Pastel love",,https://magnoliaflowers.com.au/wp-content/uploads/2020/10/NN295.jpg,-112
3333,simple,NN297,Bright Arrangement,1,0,visible,"An arrangement of fresh, seasonal flowers.
\n
\nDesigner's choice flowers are custom made for you. Due to seasonal and regional availability the florist will make up a unique arrangement for you that will not bare any resemblance to the image shown. Stem count will vary.",taxable,,1,0,0,0,75,"Occasions > Anniversary, Best Sellers, Occasions > Birthday, Designer&#039;s Choice, Special Celebrations > Easter, Occasions > Get Well, Special Celebrations > Mother&#039;s day, Occasions > New Baby, Occasions > Sympathy, Occasions > Thank You, Occasions > Weddings",,https://magnoliaflowers.com.au/wp-content/uploads/2020/10/1.jpg,0
3335,simple,NN298,Bright Bouquet,1,0,visible,"<p class=""shortdesc"">A bouquet of fresh, seasonal flowers.</p>
\nDesigner's choice flowers are custom made for you. Due to seasonal and regional availability the florist will make up a unique arrangement for you that will not bare any resemblance to the image shown. Stem count will vary.",taxable,,1,0,0,0,75,"Occasions > Anniversary, Best Sellers, Occasions > Birthday, Designer&#039;s Choice, Special Celebrations > Easter, Occasions > Get Well, Home, Special Celebrations > Mother&#039;s day, Occasions > New Baby, Occasions > Sympathy, Occasions > Thank You, Occasions > Weddings",,"https://magnoliaflowers.com.au/wp-content/uploads/2020/10/2.jpg, https://magnoliaflowers.com.au/wp-content/uploads/2020/10/2.jpg",0
3337,simple,NN299,Yellow Arrangement,1,0,visible,"An arrangement of fresh, seasonal flowers.
\n
\nDesigner's choice flowers are custom made for you. Due to seasonal and regional availability the florist will make up a unique arrangement for you that will not bare any resemblance to the image shown. Stem count will vary.",taxable,,1,0,0,0,75,"Occasions > Anniversary, Best Sellers, Occasions > Birthday, Designer&#039;s Choice, Special Celebrations > Easter, Occasions > Get Well, Special Celebrations > Mother&#039;s day, Occasions > New Baby, Occasions > Sympathy, Occasions > Thank You, Occasions > Weddings",,"https://magnoliaflowers.com.au/wp-content/uploads/2020/10/8.jpg, https://magnoliaflowers.com.au/wp-content/uploads/2020/10/8.jpg",0
3339,simple,NN300,Yellow Bouquet,1,0,visible,"<p class=""shortdesc"">A bouquet of fresh, seasonal flowers.</p>
\nDesigner's choice flowers are custom made for you. Due to seasonal and regional availability the florist will make up a unique arrangement for you that will not bare any resemblance to the image shown. Stem count will vary.",taxable,,1,0,0,0,75,"Occasions > Anniversary, Best Sellers, Occasions > Birthday, Designer&#039;s Choice, Special Celebrations > Easter, Occasions > Get Well, Special Celebrations > Mother&#039;s day, Occasions > New Baby, Occasions > Sympathy, Occasions > Thank You, Occasions > Weddings",,"https://magnoliaflowers.com.au/wp-content/uploads/2020/10/7.jpg, https://magnoliaflowers.com.au/wp-content/uploads/2020/10/7.jpg",0
3341,simple,NN301,White Bouquet,1,0,visible,"<p class=""shortdesc"">A bouquet of fresh, seasonal flowers.</p>
\nDesigner's choice flowers are custom made for you. Due to seasonal and regional availability the florist will make up a unique arrangement for you that will not bare any resemblance to the image shown. Stem count will vary.",taxable,,1,0,0,0,75,"Occasions > Anniversary, Best Sellers, Occasions > Birthday, Designer&#039;s Choice, Special Celebrations > Easter, Occasions > Get Well, Special Celebrations > Mother&#039;s day, Occasions > New Baby, Occasions > Sympathy, Occasions > Thank You, Occasions > Weddings",,"https://magnoliaflowers.com.au/wp-content/uploads/2020/10/6.jpg, https://magnoliaflowers.com.au/wp-content/uploads/2020/10/6.jpg",0
3343,simple,NN302,White Arrangement,1,0,visible,"An arrangement of fresh, seasonal flowers.
\n
\nDesigner's choice flowers are custom made for you. Due to seasonal and regional availability the florist will make up a unique arrangement for you that will not bare any resemblance to the image shown. Stem count will vary.",taxable,,1,0,0,0,75,"Occasions > Anniversary, Best Sellers, Occasions > Birthday, Designer&#039;s Choice, Special Celebrations > Easter, Occasions > Get Well, Special Celebrations > Mother&#039;s day, Occasions > New Baby, Occasions > Sympathy, Occasions > Thank You, Occasions > Weddings",,"https://magnoliaflowers.com.au/wp-content/uploads/2020/10/5.jpg, https://magnoliaflowers.com.au/wp-content/uploads/2020/10/5.jpg",0
3345,simple,NN303,Pastel Arrangement,1,0,visible,"An arrangement of fresh, seasonal flowers.
\n
\nDesigner's choice flowers are custom made for you. Due to seasonal and regional availability the florist will make up a unique arrangement for you that will not bare any resemblance to the image shown. Stem count will vary.",taxable,,1,0,0,0,75,"Occasions > Anniversary, Best Sellers, Occasions > Birthday, Designer&#039;s Choice, Special Celebrations > Easter, Occasions > Get Well, Special Celebrations > Mother&#039;s day, Occasions > New Baby, Occasions > Sympathy, Occasions > Thank You, Occasions > Weddings",,"https://magnoliaflowers.com.au/wp-content/uploads/2020/10/3.jpg, https://magnoliaflowers.com.au/wp-content/uploads/2020/10/3.jpg",0
3346,simple,NN304,Pastel Bouquet,1,0,visible,"<p class=""shortdesc"">A bouquet of fresh, seasonal flowers.</p>
\nDesigner's choice flowers are custom made for you. Due to seasonal and regional availability the florist will make up a unique arrangement for you that will not bare any resemblance to the image shown. Stem count will vary.",taxable,,1,0,0,0,75,"Occasions > Anniversary, Best Sellers, Occasions > Birthday, Designer&#039;s Choice, Special Celebrations > Easter, Occasions > Get Well, Special Celebrations > Mother&#039;s day, Occasions > New Baby, Occasions > Sympathy, Occasions > Thank You, Occasions > Weddings",,"https://magnoliaflowers.com.au/wp-content/uploads/2020/10/4.jpg, https://magnoliaflowers.com.au/wp-content/uploads/2020/10/4.jpg",0
3361,simple,NN266,Dozen Red Roses in Cube Vase,1,0,visible,"Flowers are subject to seasonal availability. In the event that any of the flowers are unavailable, the florist will substitute with a similar flower in the same shape, style and colour. Stem count, packaging and container may vary.
\nFlowers may be delivered in bud to provide longer enjoyment.",taxable,,1,0,0,0,150,"Occasions > Anniversary, Floral > Arrangement, Color > Bright Sunrise, Perfect Spot, Special Celebrations > Valentine's day",,https://magnoliaflowers.com.au/wp-content/uploads/2020/10/NN266-1.jpg,-102
3363,simple,NN272,Foil balloons (matching occasions) - 9.99$,1,0,visible,"The displayed images of the products serve as a representation only and may not reflect the actual items delivered due to stock availability.
\n
\nIf you want to buy ADD ON GIFTS, they can only be bought alongside a flower product.",taxable,,1,0,0,0,,Occasions > Hampers and Gifts,,https://magnoliaflowers.com.au/wp-content/uploads/2020/10/NN272.jpg,0
3365,simple,NN272B,Helium Balloons (matching occasions) - 14.99$,1,0,visible,"Flowers are subject to seasonal availability. In the event that any of the flowers are unavailable, the florist will substitute with a similar flower in the same shape, style and colour. Stem count, packaging and container may vary.
\nFlowers may be delivered in bud to provide longer enjoyment.",taxable,,1,0,0,0,,Occasions > Hampers and Gifts,,https://magnoliaflowers.com.au/wp-content/uploads/2020/10/NN272B.jpg,0
3367,simple,NN273,Small Bear - 24.99$,1,0,visible,"The displayed images of the products serve as a representation only and may not reflect the actual items delivered due to stock availability.
\n
\nIf you want to buy ADD ON GIFTS, they can only be bought alongside a flower product.",taxable,,1,0,0,0,,Occasions > Hampers and Gifts,,https://magnoliaflowers.com.au/wp-content/uploads/2020/10/NN273.jpg,0
3369,simple,NN273A,Medium Bear - 34.99$,1,0,visible,"The displayed images of the products serve as a representation only and may not reflect the actual items delivered due to stock availability.
\n
\nIf you want to buy ADD ON GIFTS, they can only be bought alongside a flower product.",taxable,,1,0,0,0,,Occasions > Hampers and Gifts,,https://magnoliaflowers.com.au/wp-content/uploads/2020/10/NN273A.jpg,0
3371,simple,NN273B,Large Bear - 59.99$,1,0,visible,"The displayed images of the products serve as a representation only and may not reflect the actual items delivered due to stock availability.
\n
\nIf you want to buy ADD ON GIFTS, they can only be bought alongside a flower product.",taxable,,1,0,0,0,,Occasions > Hampers and Gifts,,https://magnoliaflowers.com.au/wp-content/uploads/2020/10/NN273B.jpg,0
3373,simple,NN274,Chocolate Medium - 15$,1,0,visible,"The displayed images of the products serve as a representation only and may not reflect the actual items delivered due to stock availability.
\n
\nIf you want to buy ADD ON GIFTS, they can only be bought alongside a flower product.",taxable,,1,0,0,0,,Occasions > Hampers and Gifts,,"https://magnoliaflowers.com.au/wp-content/uploads/2020/10/Untitled-design-6.jpg, https://magnoliaflowers.com.au/wp-content/uploads/2020/10/Untitled-design-6.jpg",0
3375,simple,NN274A,Chocolate Large - 25$,1,0,visible,"The displayed images of the products serve as a representation only and may not reflect the actual items delivered due to stock availability.
\n
\nIf you want to buy ADD ON GIFTS, they can only be bought alongside a flower product.",taxable,,1,0,0,0,,Occasions > Hampers and Gifts,,"https://magnoliaflowers.com.au/wp-content/uploads/2020/10/Untitled-design-6.jpg, https://magnoliaflowers.com.au/wp-content/uploads/2020/10/Untitled-design-6.jpg",0
3377,simple,NN275,Vase Small - 25$,1,0,visible,"The displayed images of the products serve as a representation only and may not reflect the actual items delivered due to stock availability.
\n
\nIf you want to buy ADD ON GIFTS, they can only be bought alongside a flower product.",taxable,,1,0,0,0,,Occasions > Hampers and Gifts,,https://magnoliaflowers.com.au/wp-content/uploads/2020/10/NN275.jpg,0
3379,simple,NN275A,Vase Medium - 35$,1,0,visible,"The displayed images of the products serve as a representation only and may not reflect the actual items delivered due to stock availability.
\n
\nIf you want to buy ADD ON GIFTS, they can only be bought alongside a flower product.",taxable,,1,0,0,0,,Occasions > Hampers and Gifts,,https://magnoliaflowers.com.au/wp-content/uploads/2020/10/NN275A.jpg,0
3381,simple,NN275B,Vase Large - 45$,1,0,visible,"The displayed images of the products serve as a representation only and may not reflect the actual items delivered due to stock availability.
\n
\nIf you want to buy ADD ON GIFTS, they can only be bought alongside a flower product.",taxable,,1,0,0,0,,Occasions > Hampers and Gifts,,https://magnoliaflowers.com.au/wp-content/uploads/2020/10/NN275B.jpg,0
3384,simple,NN276,Procecco Sparkling Wine - 30$,1,0,visible,"The displayed images of the products serve as a representation only and may not reflect the actual items delivered due to stock availability.
\n
\nIf you want to buy ADD ON GIFTS, they can only be bought alongside a flower product.",taxable,,1,0,0,0,,Occasions > Hampers and Gifts,,https://magnoliaflowers.com.au/wp-content/uploads/2020/10/NN276.jpg,0
3386,simple,NN277,Shiraz Red Wine - 30$,1,0,visible,"<div class=""cmsmasters_product_content"">
\n<div class=""woocommerce-product-details__short-description"">
\n
\nThe displayed images of the products serve as a representation only and may not reflect the actual items delivered due to stock availability.
\n
\nIf you want to buy ADD ON GIFTS, they can only be bought alongside a flower product.
\n
\n</div>
\n</div>",taxable,,1,0,0,0,,Occasions > Hampers and Gifts,,https://magnoliaflowers.com.au/wp-content/uploads/2020/10/NN277.jpg,0
3388,simple,NN278,Moet Champagne - 85$,1,0,visible,"The displayed images of the products serve as a representation only and may not reflect the actual items delivered due to stock availability.
\n
\nIf you want to buy ADD ON GIFTS, they can only be bought alongside a flower product.",taxable,,1,0,0,0,,Occasions > Hampers and Gifts,,https://magnoliaflowers.com.au/wp-content/uploads/2020/10/NN278.jpg,0
3390,simple,NN256,20 White Rose Bouquet,1,0,visible,"Flowers are subject to seasonal availability. In the event that any of the flowers are unavailable, the florist will substitute with a similar flower in the same shape, style and colour. Stem count, packaging and container may vary.
\nFlowers may be delivered in bud to provide longer enjoyment.",taxable,,1,0,0,0,185,"Occasions > Anniversary, Floral > Bouquet, Occasions > Sympathy, Special Celebrations > Valentine's day, Color > White simplicity",,https://magnoliaflowers.com.au/wp-content/uploads/2020/10/NN256.jpg,-94
3394,simple,NN151,Bouquet & Chocolate Box,1,0,visible,"Flowers are subject to seasonal availability. In the event that any of the flowers are unavailable, the florist will substitute with a similar flower in the same shape, style and colour. Stem count, packaging and container may vary.\nFlowers may be delivered in bud to provide longer enjoyment.",taxable,,1,0,0,0,125,"Occasions > Anniversary, Best Sellers, Occasions > Birthday, Floral > Bouquet, Occasions > Hampers and Gifts, Special Celebrations > Mother&#039;s day, Occasions > New Baby, Color > Pastel love, Perfect Spot",,https://magnoliaflowers.com.au/wp-content/uploads/2020/10/NN151.jpg,0
3398,simple,NN206,Half Dozen White Rose Posy,1,0,visible,"Flowers are subject to seasonal availability. In the event that any of the flowers are unavailable, the florist will substitute with a similar flower in the same shape, style and colour. Stem count, packaging and container may vary.
\nFlowers may be delivered in bud to provide longer enjoyment.",taxable,,1,0,0,0,65,"Occasions > Anniversary, Floral > Posy, Special Celebrations > Valentine's day, Color > White simplicity",,https://magnoliaflowers.com.au/wp-content/uploads/2020/10/NN206.jpg,-82
3400,simple,NN176,LA Lilies Bouquet,1,0,visible,"Flowers are subject to seasonal availability. In the event that any of the flowers are unavailable, the florist will substitute with a similar flower in the same shape, style and colour. Stem count, packaging and container may vary.\nFlowers may be delivered in bud to provide longer enjoyment.",taxable,,1,0,0,1,45,"Occasions > Anniversary, Best Sellers, Occasions > Birthday, Occasions > Hampers and Gifts, Special Celebrations > Mother&#039;s day, Occasions > New Baby",,https://magnoliaflowers.com.au/wp-content/uploads/2020/10/NN176.jpg,0
3402,simple,NN54,Floral Box & Wine,1,0,visible,"Flowers are subject to seasonal availability. In the event that any of the flowers are unavailable, the florist will substitute with a similar flower in the same shape, style and colour. Stem count, packaging and container may vary.\nFlowers may be delivered in bud to provide longer enjoyment.",taxable,,1,0,0,1,85,"Occasions > Anniversary, Best Sellers, Occasions > Birthday, Occasions > Hampers and Gifts, Special Celebrations > Mother&#039;s day, Occasions > New Baby",,https://magnoliaflowers.com.au/wp-content/uploads/2020/10/NN54.jpg,0
3406,simple,NN290,Orchid Box and Wine,1,0,visible,"Flowers are subject to seasonal availability. In the event that any of the flowers are unavailable, the florist will substitute with a similar flower in the same shape, style and colour. Stem count, packaging and container may vary.
\nFlowers may be delivered in bud to provide longer enjoyment.",taxable,,1,0,0,0,85,"Occasions > Anniversary, Best Sellers, Occasions > Birthday, Occasions > Hampers and Gifts, Special Celebrations > Mother&#039;s day, Occasions > New Baby",,https://magnoliaflowers.com.au/wp-content/uploads/2020/10/NN290.jpg,-115
3409,simple,NN08,Pink Orchird,1,0,visible,"Flowers are subject to seasonal availability. In the event that any of the flowers are unavailable, the florist will substitute with a similar flower in the same shape, style and colour. Stem count, packaging and container may vary.\nFlowers may be delivered in bud to provide longer enjoyment.",taxable,,1,0,0,1,,"Floral > Tropical\, Orchids and Natives, World of Green",,https://magnoliaflowers.com.au/wp-content/uploads/2020/10/NN08-1.jpg,0
3413,simple,NN17,Fresh,1,0,visible,"Flowers are subject to seasonal availability. In the event that any of the flowers are unavailable, the florist will substitute with a similar flower in the same shape, style and colour. Stem count, packaging and container may vary.\nFlowers may be delivered in bud to provide longer enjoyment.",taxable,,1,0,0,1,,"Floral > Tropical\, Orchids and Natives, World of Green",,https://magnoliaflowers.com.au/wp-content/uploads/2020/10/NN17-1.jpg,0
3417,simple,NN26,White Butterfly,1,0,visible,"Flowers are subject to seasonal availability. In the event that any of the flowers are unavailable, the florist will substitute with a similar flower in the same shape, style and colour. Stem count, packaging and container may vary.\nFlowers may be delivered in bud to provide longer enjoyment.",taxable,,1,0,0,1,,"Floral > Tropical\, Orchids and Natives, World of Green",,https://magnoliaflowers.com.au/wp-content/uploads/2020/10/NN26.jpg,0
3421,simple,NN57,Titari beauty,1,0,visible,"Flowers are subject to seasonal availability. In the event that any of the flowers are unavailable, the florist will substitute with a similar flower in the same shape, style and colour. Stem count, packaging and container may vary.\nFlowers may be delivered in bud to provide longer enjoyment.",taxable,,1,0,0,1,,World of Green,,https://magnoliaflowers.com.au/wp-content/uploads/2020/10/NN57.jpg,0
3425,simple,NN67,Tulips,1,0,visible,"Flowers are subject to seasonal availability. In the event that any of the flowers are unavailable, the florist will substitute with a similar flower in the same shape, style and colour. Stem count, packaging and container may vary.\nFlowers may be delivered in bud to provide longer enjoyment.",taxable,,1,0,0,1,,Fresh Cut,,https://magnoliaflowers.com.au/wp-content/uploads/2020/10/NN67.jpg,0
3429,simple,NN80,Bridesmaid Posy,1,0,visible,"Flowers are subject to seasonal availability. In the event that any of the flowers are unavailable, the florist will substitute with a similar flower in the same shape, style and colour. Stem count, packaging and container may vary.\nFlowers may be delivered in bud to provide longer enjoyment.",taxable,,1,0,0,1,,Fresh Cut,,https://magnoliaflowers.com.au/wp-content/uploads/2020/10/NN80.jpg,0
3434,simple,NN120,Peonies,1,0,visible,"Flowers are subject to seasonal availability. In the event that any of the flowers are unavailable, the florist will substitute with a similar flower in the same shape, style and colour. Stem count, packaging and container may vary.\nFlowers may be delivered in bud to provide longer enjoyment.",taxable,,1,0,0,1,,Fresh Cut,,https://magnoliaflowers.com.au/wp-content/uploads/2020/10/NN120.jpg,0
3436,simple,NN128,Custom Rose Bouquet,1,0,visible,"Flowers are subject to seasonal availability. In the event that any of the flowers are unavailable, the florist will substitute with a similar flower in the same shape, style and colour. Stem count, packaging and container may vary.\nFlowers may be delivered in bud to provide longer enjoyment.",taxable,,1,0,0,1,,"Floral > Bouquet, Color > Bright Sunrise, Perfect Spot, Special Celebrations > Valentine's day",,https://magnoliaflowers.com.au/wp-content/uploads/2020/10/NN128.jpg,0
3438,simple,NN162,Red Poinsettia Pot,1,0,visible,"Flowers are subject to seasonal availability. In the event that any of the flowers are unavailable, the florist will substitute with a similar flower in the same shape, style and colour. Stem count, packaging and container may vary.\nFlowers may be delivered in bud to provide longer enjoyment.",taxable,,1,0,0,1,,"Color > Bright Sunrise, World of Green",,https://magnoliaflowers.com.au/wp-content/uploads/2020/10/NN162.jpg,0
3442,simple,NN172,Thai Constellation Monsterea,1,0,visible,"Flowers are subject to seasonal availability. In the event that any of the flowers are unavailable, the florist will substitute with a similar flower in the same shape, style and colour. Stem count, packaging and container may vary.\nFlowers may be delivered in bud to provide longer enjoyment.",taxable,,1,0,0,1,,World of Green,,https://magnoliaflowers.com.au/wp-content/uploads/2020/10/NN172.jpg,0
3444,simple,NN192,Grandi Flora,1,0,visible,"Flowers are subject to seasonal availability. In the event that any of the flowers are unavailable, the florist will substitute with a similar flower in the same shape, style and colour. Stem count, packaging and container may vary.\nFlowers may be delivered in bud to provide longer enjoyment.",taxable,,1,0,0,1,,Fresh Cut,,https://magnoliaflowers.com.au/wp-content/uploads/2020/10/NN192.jpg,0
3446,simple,NN200,Custom Red Roses Bouquet,1,0,visible,"Flowers are subject to seasonal availability. In the event that any of the flowers are unavailable, the florist will substitute with a similar flower in the same shape, style and colour. Stem count, packaging and container may vary.
\nFlowers may be delivered in bud to provide longer enjoyment.",taxable,,1,0,0,0,,"Occasions > Anniversary, Floral > Bouquet, Special Celebrations > Valentine's day",,https://magnoliaflowers.com.au/wp-content/uploads/2020/10/NN200.jpg,-90
3448,simple,NN233,White Orchird,1,0,visible,"Flowers are subject to seasonal availability. In the event that any of the flowers are unavailable, the florist will substitute with a similar flower in the same shape, style and colour. Stem count, packaging and container may vary.\nFlowers may be delivered in bud to provide longer enjoyment.",taxable,,1,0,0,1,,World of Green,,https://magnoliaflowers.com.au/wp-content/uploads/2020/10/NN233.jpg,0
3456,simple,NN291,White Beauty,1,0,visible,"Flowers are subject to seasonal availability. In the event that any of the flowers are unavailable, the florist will substitute with a similar flower in the same shape, style and colour. Stem count, packaging and container may vary.\nFlowers may be delivered in bud to provide longer enjoyment.",taxable,,1,0,0,1,,Floral > Preserved Beauty,,https://magnoliaflowers.com.au/wp-content/uploads/2020/10/NN291.jpg,0
3458,simple,NN293,Snow White,1,0,visible,"Flowers are subject to seasonal availability. In the event that any of the flowers are unavailable, the florist will substitute with a similar flower in the same shape, style and colour. Stem count, packaging and container may vary.
\nFlowers may be delivered in bud to provide longer enjoyment.",taxable,,1,0,0,0,,Floral > Preserved Beauty,,https://magnoliaflowers.com.au/wp-content/uploads/2020/10/NN293.jpg,3
3714,simple,NN157,Dozen Red Rose in Box,1,0,visible,,taxable,,1,0,0,0,150,Special Celebrations > Valentine's day,,https://magnoliaflowers.com.au/wp-content/uploads/2021/02/Dozen-Red-Rose-in-Box.-135.jpg,-103
3744,simple,NN318,Melody Rosie,1,0,visible,,taxable,,1,0,0,0,125,Special Celebrations > Valentine's day,,https://magnoliaflowers.com.au/wp-content/uploads/2021/02/Love-Rosy-125.jpg,-40
3745,simple,NN319,Pink Rose Box,1,0,visible,"Floral are subject to seasonal availability. In the event that any of the Floral are unavailable, the florist will substitute with a similar flower in the same shape, style and color. Stem count, packaging and container may vary. Floral may be delivered in bud to provide longer enjoyment.""",taxable,,1,0,0,0,99,Special Celebrations > Valentine's day,LOVE,https://magnoliaflowers.com.au/wp-content/uploads/2021/02/Pink-Rose-Box-75.jpg,-109
3919,simple,NN321,Singapore Orchid Box - Blue,1,0,visible,"Flowers are subject to seasonal availability. In the event that any of the flowers are unavailable, the florist will substitute with a similar flower in the same shape, style and colour. Stem count, packaging and container may vary.
\nFlowers may be delivered in bud to provide longer enjoyment.",taxable,,1,0,0,0,50,"Best Sellers, Special Celebrations > Mother&#039;s day",,https://magnoliaflowers.com.au/wp-content/uploads/2021/04/z2462403551885_01f29a7d83fa41864b0cf3a577b2248c.jpg,-121
3921,simple,NN320,Singapore Orchid Box - Pink,1,0,visible,"Flowers are subject to seasonal availability. In the event that any of the flowers are unavailable, the florist will substitute with a similar flower in the same shape, style and colour. Stem count, packaging and container may vary.
\nFlowers may be delivered in bud to provide longer enjoyment.",taxable,,1,0,0,0,50,"Best Sellers, Special Celebrations > Mother&#039;s day",,https://magnoliaflowers.com.au/wp-content/uploads/2021/04/z2462403550247_39fa77e8c5b001121bc2b78555f56afe-scaled.jpg,-125
3923,simple,NN322,Singapore Orchid Box - White,1,0,visible,"Flowers are subject to seasonal availability. In the event that any of the flowers are unavailable, the florist will substitute with a similar flower in the same shape, style and colour. Stem count, packaging and container may vary.
\nFlowers may be delivered in bud to provide longer enjoyment.",taxable,,1,0,0,0,50,"Best Sellers, Special Celebrations > Mother&#039;s day, Special Celebrations",,https://magnoliaflowers.com.au/wp-content/uploads/2021/04/z2462403549409_6fe70a4d6f4d7239fb330a944a30fc64.jpg,-122
3925,simple,NN323,Singapore Orchid Box - Pastel,1,0,visible,"Flowers are subject to seasonal availability. In the event that any of the flowers are unavailable, the florist will substitute with a similar flower in the same shape, style and colour. Stem count, packaging and container may vary.
\nFlowers may be delivered in bud to provide longer enjoyment.",taxable,,0,0,0,0,50,"Best Sellers, Special Celebrations > Mother&#039;s day, Special Celebrations",,"https://magnoliaflowers.com.au/wp-content/uploads/2021/04/z2462403545722_3b8e984b3d40eee2cdbeb62e84b7931e-scaled.jpg, https://magnoliaflowers.com.au/wp-content/uploads/2021/04/z2462403545722_3b8e984b3d40eee2cdbeb62e84b7931e-scaled.jpg",-80
4731,simple,NN325,Dozen of Red Roses Arrangement,1,0,visible,"Flowers are subject to seasonal availability. In the event that any of the flowers are unavailable, the florist will substitute with a similar flower in the same shape, style and colour. Stem count, packaging and container may vary.
\nFlowers may be delivered in bud to provide longer enjoyment.",taxable,,1,0,0,0,185,"Special Celebrations, Special Celebrations > Valentine's day",,"https://magnoliaflowers.com.au/wp-content/uploads/2022/01/1.jpg, https://magnoliaflowers.com.au/wp-content/uploads/2022/01/1.jpg",-107
4738,simple,NN326,2 DOZEN OF RED ROSES ARRANGEMENT,1,0,visible,"Flowers are subject to seasonal availability. In the event that any of the flowers are unavailable, the florist will substitute with a similar flower in the same shape, style and colour. Stem count, packaging and container may vary.
\nFlowers may be delivered in bud to provide longer enjoyment.",taxable,,1,0,0,0,299,"Special Celebrations, Special Celebrations > Valentine's day",HOME,"https://magnoliaflowers.com.au/wp-content/uploads/2022/01/4.jpg, https://magnoliaflowers.com.au/wp-content/uploads/2022/01/4.jpg",-110
4739,simple,NN327,Pinky Promise,1,0,visible,,taxable,,1,0,0,0,185,"Best Sellers, Special Celebrations, Special Celebrations > Valentine's day",HOME,"https://magnoliaflowers.com.au/wp-content/uploads/2022/01/5.jpg, https://magnoliaflowers.com.au/wp-content/uploads/2022/01/5.jpg",-99
4740,simple,NN324,Springtime Bouquet,1,0,visible,"Flowers are subject to seasonal availability. In the event that any of the flowers are unavailable, the florist will substitute with a similar flower in the same shape, style and colour. Stem count, packaging and container may vary.
\nFlowers may be delivered in bud to provide longer enjoyment.",taxable,,1,0,0,0,105,"Best Sellers, Special Celebrations > Mother&#039;s day, Special Celebrations, Special Celebrations > Valentine's day",,"https://magnoliaflowers.com.au/wp-content/uploads/2022/01/2.jpg, https://magnoliaflowers.com.au/wp-content/uploads/2022/01/2.jpg",-93
4741,simple,NN328,FLORAL FANTASIA,1,0,visible,"Flowers are subject to seasonal availability. In the event that any of the flowers are unavailable, the florist will substitute with a similar flower in the same shape, style and colour. Stem count, packaging and container may vary.
\nFlowers may be delivered in bud to provide longer enjoyment.",taxable,,1,0,0,0,185,"Best Sellers, Special Celebrations, Special Celebrations > Valentine's day",,"https://magnoliaflowers.com.au/wp-content/uploads/2022/01/3.jpg, https://magnoliaflowers.com.au/wp-content/uploads/2022/01/3.jpg",-94
4744,simple,NN334,Half Dozen Red Roses Bouquet,1,0,visible,"<div class=""mkdf-single-product-content"">
\n<div class=""mkdf-single-product-summary"">
\n<div class=""summary entry-summary"">
\n<div class=""woocommerce-tabs wc-tabs-wrapper"">
\n<div id=""tab-description"" class=""woocommerce-Tabs-panel woocommerce-Tabs-panel--description panel entry-content wc-tab"" role=""tabpanel"" aria-labelledby=""tab-title-description"">
\n
\nFlowers are subject to seasonal availability. In the event that any of the flowers are unavailable, the florist will substitute with a similar flower in the same shape, style and colour. Stem count, packaging and container may vary.
\nFlowers may be delivered in bud to provide longer enjoyment.
\n
\n</div>
\n</div>
\n</div>
\n</div>
\n</div>",taxable,,1,0,0,0,75,"Special Celebrations, Special Celebrations > Valentine's day",,https://magnoliaflowers.com.au/wp-content/uploads/2022/01/10.jpg,-115
4750,simple,NN329,Dozen Red Roses Bouquet,1,0,visible,"Flowers are subject to seasonal availability. In the event that any of the flowers are unavailable, the florist will substitute with a similar flower in the same shape, style and colour. Stem count, packaging and container may vary.
\nFlowers may be delivered in bud to provide longer enjoyment.",taxable,,1,0,0,0,150,"Special Celebrations, Special Celebrations > Valentine's day",,https://magnoliaflowers.com.au/wp-content/uploads/2022/01/6.jpg,-114
4751,simple,NN330,Pink Roses Bouquet,1,0,visible,"Flowers are subject to seasonal availability. In the event that any of the flowers are unavailable, the florist will substitute with a similar flower in the same shape, style and colour. Stem count, packaging and container may vary.
\nFlowers may be delivered in bud to provide longer enjoyment.",taxable,,1,0,0,0,120,"Special Celebrations, Special Celebrations > Valentine's day",,https://magnoliaflowers.com.au/wp-content/uploads/2022/01/7.jpg,-114
4752,simple,NN331,White Roses Bouquet,1,0,visible,"Flowers are subject to seasonal availability. In the event that any of the flowers are unavailable, the florist will substitute with a similar flower in the same shape, style and colour. Stem count, packaging and container may vary.
\nFlowers may be delivered in bud to provide longer enjoyment.",taxable,,1,0,0,0,120,"Special Celebrations, Special Celebrations > Valentine's day",,https://magnoliaflowers.com.au/wp-content/uploads/2022/01/8.jpg,-98
4753,simple,NN332,Rosy Charm,1,0,visible,"Flowers are subject to seasonal availability. In the event that any of the flowers are unavailable, the florist will substitute with a similar flower in the same shape, style and colour. Stem count, packaging and container may vary.
\nFlowers may be delivered in bud to provide longer enjoyment.",taxable,,1,0,0,0,235,"Best Sellers, Special Celebrations, Special Celebrations > Valentine's day",,https://magnoliaflowers.com.au/wp-content/uploads/2022/01/9.jpg,-112
4754,simple,NN333,Half Dozen Red Roses Arrangement,1,0,visible,"Flowers are subject to seasonal availability. In the event that any of the flowers are unavailable, the florist will substitute with a similar flower in the same shape, style and colour. Stem count, packaging and container may vary.
\nFlowers may be delivered in bud to provide longer enjoyment.",taxable,,1,0,0,0,85,"Best Sellers, Special Celebrations, Special Celebrations > Valentine's day",,https://magnoliaflowers.com.au/wp-content/uploads/2022/01/Valentine-flower.jpg,-98
4769,simple,NN335,Red Rose Box,1,0,visible,"Floral are subject to seasonal availability. In the event that any of the Floral are unavailable, the florist will substitute with a similar flower in the same shape, style and color. Stem count, packaging and container may vary. Floral may be delivered in bud to provide longer enjoyment.""",taxable,,1,0,0,0,120,"Best Sellers, Special Celebrations, Special Celebrations > Valentine's day",,https://magnoliaflowers.com.au/wp-content/uploads/2022/02/red-rose-box.jpg,-107
4771,simple,NN336,White Rose Box,1,0,visible,"Floral are subject to seasonal availability. In the event that any of the Floral are unavailable, the florist will substitute with a similar flower in the same shape, style and color. Stem count, packaging and container may vary. Floral may be delivered in bud to provide longer enjoyment.""",taxable,,1,0,0,0,99,"Best Sellers, Special Celebrations, Special Celebrations > Valentine's day",,https://magnoliaflowers.com.au/wp-content/uploads/2022/02/white-rose-box.jpg,-104
4971,simple,NN337,Designer’s choice for Mother’s Day,1,0,visible,"Floral are subject to seasonal availability. In the event that any of the Floral are unavailable, the florist will substitute with a similar flower in the same shape, style and color. Stem count, packaging and container may vary. Floral may be delivered in bud to provide longer enjoyment.""",taxable,,1,0,0,0,85,Special Celebrations > Mother&#039;s day,,https://magnoliaflowers.com.au/wp-content/uploads/2022/04/9EC65341-ED82-4117-BBAC-B46F02D042B5.png,-114
5424,simple,NN337-1,Designer’s choice for Valentine's Day,1,0,visible,"Floral are subject to seasonal availability. In the event that any of the Floral are unavailable, the florist will substitute with a similar flower in the same shape, style and color. Stem count, packaging and container may vary. Floral may be delivered in bud to provide longer enjoyment.""",taxable,,1,0,0,0,85,Special Celebrations > Valentine's day,,"https://magnoliaflowers.com.au/wp-content/uploads/2023/01/valentine-designer-choice-.jpeg, https://magnoliaflowers.com.au/wp-content/uploads/2023/01/valentine-designer-choice-.jpeg",-80
6301,simple,NN308,White Rose & Lilies Bouquet,1,0,visible,"Flowers are subject to seasonal availability. In the event that any of the flowers are unavailable, the florist will substitute with a similar flower in the same shape, style and colour. Stem count, packaging and container may vary.
\nFlowers may be delivered in bud to provide longer enjoyment.",taxable,,1,0,0,0,120,"Occasions > Anniversary, Best Sellers, Occasions > Birthday, Floral > Bouquet, Special Celebrations > Christmas, Special Celebrations > Mother&#039;s day, Occasions > Thank You, Special Celebrations > Valentine's day, Occasions > Weddings",,"https://magnoliaflowers.com.au/wp-content/uploads/2025/02/image7-rotated.jpeg, https://magnoliaflowers.com.au/wp-content/uploads/2025/02/image9-1-rotated.jpeg",-117
6405,simple,,Oriental Lilies Bouquet - White,1,0,visible,"<div id=""tab-description"" class=""woocommerce-Tabs-panel woocommerce-Tabs-panel--description panel entry-content wc-tab"" role=""tabpanel"" aria-labelledby=""tab-title-description"">
\n
\nFlowers are subject to seasonal availability. In the event that any of the flowers are unavailable, the florist will substitute with a similar flower in the same shape, style and colour. Stem count, packaging and container may vary.
\nFlowers may be delivered in bud to provide longer enjoyment.
\n
\n</div>",taxable,,1,0,0,0,85,"Occasions > Anniversary, Best Sellers, Color, Special Celebrations > Easter, Occasions > Hampers and Gifts, Special Celebrations > Mother&#039;s day, Occasions, Others, Special Celebrations, Occasions > Sympathy, Occasions > Thank You, Color > White simplicity",,"https://magnoliaflowers.com.au/wp-content/uploads/2025/05/9cbcca8223e1f6703bbb471c3c8688e8-scaled.jpeg, https://magnoliaflowers.com.au/wp-content/uploads/2025/02/image9-1-rotated.jpeg",-121
6413,simple,,Oriental Lilies Bouquet - Pink,1,0,visible,"<div id=""tab-description"" class=""woocommerce-Tabs-panel woocommerce-Tabs-panel--description panel entry-content wc-tab"" role=""tabpanel"" aria-labelledby=""tab-title-description"">
\n
\nFlowers are subject to seasonal availability. In the event that any of the flowers are unavailable, the florist will substitute with a similar flower in the same shape, style and colour. Stem count, packaging and container may vary.
\nFlowers may be delivered in bud to provide longer enjoyment.
\n
\n</div>",taxable,,1,0,0,0,85,"Occasions > Anniversary, Best Sellers, Color, Special Celebrations > Easter, Occasions > Hampers and Gifts, Special Celebrations > Mother&#039;s day, Occasions, Others, Special Celebrations, Occasions > Sympathy, Occasions > Thank You, Color > White simplicity",,"https://magnoliaflowers.com.au/wp-content/uploads/2025/05/2bb0d83e3e26e312738794691bda718a-2-scaled.jpeg, https://magnoliaflowers.com.au/wp-content/uploads/2025/05/3d5dae8c03d4fb8fd35c12a054c6583a-scaled.jpeg, https://magnoliaflowers.com.au/wp-content/uploads/2025/05/e22f270cca0446b0f0c4fc64aef0b808-scaled.jpeg",-121